frame_index,stage,is_keyframe,fileName,nose_x,nose_y,left_eye_inner_x,left_eye_inner_y,left_eye_x,left_eye_y,left_eye_outer_x,left_eye_outer_y,right_eye_inner_x,right_eye_inner_y,right_eye_x,right_eye_y,right_eye_outer_x,right_eye_outer_y,left_ear_x,left_ear_y,right_ear_x,right_ear_y,mouth_left_x,mouth_left_y,mouth_right_x,mouth_right_y,left_shoulder_x,left_shoulder_y,right_shoulder_x,right_shoulder_y,left_elbow_x,left_elbow_y,right_elbow_x,right_elbow_y,left_wrist_x,left_wrist_y,right_wrist_x,right_wrist_y,left_pinky_x,left_pinky_y,right_pinky_x,right_pinky_y,left_index_x,left_index_y,right_index_x,right_index_y,left_thumb_x,left_thumb_y,right_thumb_x,right_thumb_y,left_hip_x,left_hip_y,right_hip_x,right_hip_y,left_knee_x,left_knee_y,right_knee_x,right_knee_y,left_ankle_x,left_ankle_y,right_ankle_x,right_ankle_y,left_heel_x,left_heel_y,right_heel_x,right_heel_y,left_foot_index_x,left_foot_index_y,right_foot_index_x,right_foot_index_y
0,5,0,frame0000.jpg,0.5239949226379395,0.4632571339607239,0.5248974561691284,0.45383140444755554,0.5231865644454956,0.45287656784057617,0.5215422511100769,0.4519634246826172,0.5241197347640991,0.4532887637615204,0.522254228591919,0.452269971370697,0.5201724767684937,0.45122748613357544,0.5029816627502441,0.44620707631111145,0.5007495284080505,0.44575822353363037,0.5071495771408081,0.46691158413887024,0.5064957141876221,0.46634942293167114,0.44460296630859375,0.4759212136268616,0.44650647044181824,0.4806949496269226,0.0,0.0,0.4718013405799866,0.544195294380188,0.0,0.0,0.5019798278808594,0.5981576442718506,0.0,0.0,0.5074203014373779,0.6121769547462463,0.0,0.0,0.5114539861679077,0.6120060682296753,0.0,0.0,0.5079184174537659,0.6083195805549622,0.35675543546676636,0.5843636989593506,0.3398536145687103,0.5859673023223877,0.0,0.0,0.3920031189918518,0.6736844182014465,0.0,0.0,0.36317992210388184,0.7800967693328857,0.0,0.0,0.3400602638721466,0.7973501682281494,0.45098012685775757,0.7388838529586792,0.4363957941532135,0.8013296127319336
1,5,0,frame0001.jpg,0.5236489772796631,0.4629148542881012,0.5248785018920898,0.4535474181175232,0.5231698751449585,0.45250487327575684,0.5215323567390442,0.45152390003204346,0.5241205096244812,0.4531345069408417,0.5222592353820801,0.45208340883255005,0.5202071666717529,0.45102572441101074,0.5029807686805725,0.445970743894577,0.5007742643356323,0.4456596374511719,0.506991982460022,0.4665611982345581,0.5064212083816528,0.4661177694797516,0.4433209300041199,0.47694164514541626,0.4451497793197632,0.4817086458206177,0.0,0.0,0.47268885374069214,0.5446467399597168,0.0,0.0,0.5021319389343262,0.5989771485328674,0.0,0.0,0.5078413486480713,0.6128979921340942,0.0,0.0,0.511695921421051,0.612590491771698,0.0,0.0,0.5081554055213928,0.6089388728141785,0.3570765256881714,0.5845704078674316,0.3397127389907837,0.5864473581314087,0.0,0.0,0.39124298095703125,0.6737187504768372,0.0,0.0,0.36314982175827026,0.779573380947113,0.2227047234773636,0.44027993083000183,0.3398585319519043,0.7975280284881592,0.4509568214416504,0.7391443252563477,0.4363147020339966,0.801017701625824
2,5,0,frame0002.jpg,0.5232747197151184,0.46239960193634033,0.5247631072998047,0.4531397819519043,0.5230758786201477,0.4520084857940674,0.5214770436286926,0.4509618282318115,0.5240485668182373,0.4528794288635254,0.5222011804580688,0.4517970383167267,0.520196259021759,0.4507327675819397,0.502934455871582,0.44560307264328003,0.5007455348968506,0.4454502463340759,0.5068519711494446,0.466137170791626,0.5063488483428955,0.4658263921737671,0.4434516429901123,0.47840261459350586,0.44218868017196655,0.48323002457618713,0.0,0.0,0.4738137722015381,0.5455573797225952,0.0,0.0,0.5024750232696533,0.6009475588798523,0.0,0.0,0.5087177157402039,0.6143269538879395,0.0,0.0,0.5123795866966248,0.6137850284576416,0.0,0.0,0.5087642669677734,0.6103745102882385,0.35815125703811646,0.5846927762031555,0.3391600251197815,0.5867360234260559,0.0,0.0,0.39047738909721375,0.6737020015716553,0.0,0.0,0.3631269335746765,0.7788097858428955,0.31146398186683655,0.6170420050621033,0.3396149277687073,0.7976357936859131,0.45093855261802673,0.7396025657653809,0.4362933039665222,0.8008118867874146
3,5,0,frame0003.jpg,0.5229038000106812,0.46196168661117554,0.5245722532272339,0.45278841257095337,0.5229098200798035,0.4515983462333679,0.5213609337806702,0.4505082964897156,0.5238723158836365,0.4526125192642212,0.5220122337341309,0.45148855447769165,0.520045280456543,0.4504052400588989,0.5027420520782471,0.44521230459213257,0.5004943609237671,0.4451363980770111,0.5067046880722046,0.46571552753448486,0.5062277913093567,0.4654904007911682,0.44710105657577515,0.4797927141189575,0.4387730658054352,0.4841710329055786,0.0,0.0,0.47419682145118713,0.546074628829956,0.0,0.0,0.503001868724823,0.6027311086654663,0.0,0.0,0.5098433494567871,0.6157287359237671,0.0,0.0,0.5135182738304138,0.6151176691055298,0.0,0.0,0.5097621083259583,0.61188805103302,0.36147093772888184,0.5849081873893738,0.33832284808158875,0.5868626832962036,0.0,0.0,0.3895970582962036,0.6735212206840515,0.0,0.0,0.36307820677757263,0.7782522439956665,0.346425324678421,0.6880492568016052,0.339335560798645,0.7977244853973389,0.45086053013801575,0.7400170564651489,0.43632686138153076,0.8007458448410034
4,5,0,frame0004.jpg,0.5225619673728943,0.4610326886177063,0.5241695046424866,0.45204001665115356,0.5225538611412048,0.45085257291793823,0.5210762023925781,0.4497452676296234,0.5234622359275818,0.4519277811050415,0.5215912461280823,0.4508076012134552,0.5196216702461243,0.4496763050556183,0.5022013783454895,0.44460147619247437,0.49992895126342773,0.44442957639694214,0.5065234899520874,0.46486935019493103,0.5060979723930359,0.464668333530426,0.45446667075157166,0.481291800737381,0.4336457848548889,0.4844799041748047,0.0,0.0,0.47312411665916443,0.5462685823440552,0.0,0.0,0.5034680366516113,0.6036945581436157,0.0,0.0,0.5108209848403931,0.6168542504310608,0.0,0.0,0.5151071548461914,0.6161969900131226,0.0,0.0,0.511515200138092,0.6130505800247192,0.365856409072876,0.5850786566734314,0.3375723659992218,0.5868796706199646,0.0,0.0,0.38691169023513794,0.6735367774963379,0.0,0.0,0.3629533052444458,0.777675986289978,0.36019062995910645,0.7168289422988892,0.3390195965766907,0.7976521849632263,0.4509356617927551,0.7403210997581482,0.4362870454788208,0.8010062575340271
5,5,0,frame0005.jpg,0.5218812823295593,0.46003979444503784,0.5234554409980774,0.4512779116630554,0.5219585299491882,0.45015403628349304,0.520581066608429,0.4490755498409271,0.522671639919281,0.4511515200138092,0.5208120942115784,0.45004963874816895,0.5187543630599976,0.4488223195075989,0.5014818906784058,0.44414156675338745,0.49893125891685486,0.4436374008655548,0.5061694383621216,0.4638725817203522,0.505722165107727,0.4636947810649872,0.4609273076057434,0.48240697383880615,0.42891424894332886,0.48457616567611694,0.0,0.0,0.47003042697906494,0.5463448166847229,0.0,0.0,0.5039228796958923,0.6046187281608582,0.0,0.0,0.511599600315094,0.6179341077804565,0.0,0.0,0.5169773697853088,0.6170254945755005,0.0,0.0,0.5137883424758911,0.613884449005127,0.3701094388961792,0.5855698585510254,0.3368198871612549,0.5868831872940063,0.0,0.0,0.3838668465614319,0.6735771894454956,0.0,0.0,0.362840861082077,0.7771749496459961,0.36543965339660645,0.7289727926254272,0.3389025330543518,0.7972934246063232,0.4514884650707245,0.740666389465332,0.43595004081726074,0.8012232780456543
6,5,0,frame0006.jpg,0.5208783149719238,0.4594312310218811,0.5226844549179077,0.45088738203048706,0.5213737487792969,0.4498472809791565,0.5201640129089355,0.44882437586784363,0.5216110944747925,0.4506729245185852,0.5197113752365112,0.44959086179733276,0.5174251198768616,0.4482715129852295,0.5007668733596802,0.4439541697502136,0.4973275065422058,0.4429442286491394,0.5056387782096863,0.4632563591003418,0.5049754977226257,0.4630267918109894,0.46589016914367676,0.48330122232437134,0.4247515797615051,0.4836905598640442,0.0,0.0,0.46550559997558594,0.5463578701019287,0.0,0.0,0.5041009783744812,0.6049507856369019,0.0,0.0,0.5118868947029114,0.6186339259147644,0.0,0.0,0.5181183218955994,0.6174912452697754,0.0,0.0,0.5152718424797058,0.6143262982368469,0.37396255135536194,0.5862507820129395,0.3360484838485718,0.5868422985076904,0.0,0.0,0.38198786973953247,0.6735779643058777,0.0,0.0,0.36269688606262207,0.7767572402954102,0.36742186546325684,0.734351396560669,0.33885616064071655,0.7968970537185669,0.45231354236602783,0.7409185171127319,0.4351215362548828,0.801741361618042
7,5,0,frame0007.jpg,0.5193372964859009,0.45912259817123413,0.521321713924408,0.45065605640411377,0.5201506614685059,0.4496881067752838,0.5190719366073608,0.44872161746025085,0.5200002193450928,0.45035630464553833,0.5179785490036011,0.44926369190216064,0.5155510902404785,0.4479055404663086,0.4998103380203247,0.4438820779323578,0.49554443359375,0.44250860810279846,0.5045375823974609,0.46297281980514526,0.5036064386367798,0.4626755118370056,0.46946805715560913,0.4841606616973877,0.42110568284988403,0.4829307496547699,0.0,0.0,0.4605104327201843,0.5461333990097046,0.0,0.0,0.5041693449020386,0.6049211025238037,0.0,0.0,0.5119881629943848,0.6188363432884216,0.0,0.0,0.5188772082328796,0.617586076259613,0.0,0.0,0.5161914229393005,0.6143815517425537,0.3770529329776764,0.586972177028656,0.33524274826049805,0.5868216156959534,0.0,0.0,0.3811474144458771,0.673210859298706,0.0,0.0,0.3625204265117645,0.7766046524047852,0.3681129217147827,0.736693263053894,0.3386220932006836,0.7967419028282166,0.4530631899833679,0.7412182688713074,0.43466901779174805,0.8020771741867065
8,5,0,frame0008.jpg,0.5176713466644287,0.4590197801589966,0.5198633074760437,0.45054423809051514,0.5187923908233643,0.44962167739868164,0.5178117752075195,0.4486963748931885,0.5183135271072388,0.450169175863266,0.5161344408988953,0.4490388035774231,0.5135854482650757,0.44765716791152954,0.4986848533153534,0.443858802318573,0.4937834143638611,0.4422015845775604,0.5030902028083801,0.4628556966781616,0.5019344091415405,0.4624907970428467,0.4723108410835266,0.4848266839981079,0.4175693690776825,0.48218846321105957,0.0,0.0,0.45570993423461914,0.5453737378120422,0.0,0.0,0.5041007995605469,0.6048952341079712,0.0,0.0,0.5120204091072083,0.6187949180603027,0.0,0.0,0.5190944671630859,0.6175618171691895,0.0,0.0,0.516409158706665,0.6143217086791992,0.37906986474990845,0.5873047113418579,0.334775447845459,0.58674156665802,0.0,0.0,0.3802950382232666,0.6730575561523438,0.0,0.0,0.3622468113899231,0.7765669822692871,0.36839771270751953,0.7380876541137695,0.33832693099975586,0.796671986579895,0.45388007164001465,0.7413889169692993,0.4337213337421417,0.8021283149719238
9,5,0,frame0009.jpg,0.5163158774375916,0.4588543772697449,0.5184130072593689,0.45035451650619507,0.5173482894897461,0.4494737684726715,0.5164064764976501,0.44860363006591797,0.5166947841644287,0.44989126920700073,0.5142720937728882,0.448673814535141,0.5116288661956787,0.44727030396461487,0.4974152147769928,0.4437793791294098,0.492046058177948,0.4418317675590515,0.5019515752792358,0.4626900255680084,0.5007043480873108,0.4622189998626709,0.47481468319892883,0.4851350784301758,0.4139243960380554,0.48124080896377563,0.0,0.0,0.45233404636383057,0.5446239113807678,0.0,0.0,0.5039194226264954,0.6047059893608093,0.0,0.0,0.5118342041969299,0.6186915636062622,0.0,0.0,0.519106388092041,0.6174970865249634,0.0,0.0,0.5163904428482056,0.6142532229423523,0.3810049891471863,0.5874253511428833,0.3345666527748108,0.5866395831108093,0.0,0.0,0.37917420268058777,0.6730759143829346,0.0,0.0,0.36200058460235596,0.7766002416610718,0.36853474378585815,0.7386185526847839,0.33820581436157227,0.7967902421951294,0.454825758934021,0.7414501309394836,0.43321073055267334,0.8019826412200928
10,5,0,frame0010.jpg,0.5154975652694702,0.4584829807281494,0.5174248814582825,0.45006290078163147,0.5163129568099976,0.4492241144180298,0.5153434872627258,0.4484148919582367,0.5156194567680359,0.44952690601348877,0.5129919648170471,0.4482353627681732,0.5102688074111938,0.44682812690734863,0.4964276850223541,0.44365471601486206,0.4907344579696655,0.44150954484939575,0.5012983083724976,0.4623333811759949,0.5000091791152954,0.4617948532104492,0.47670936584472656,0.48523661494255066,0.40981167554855347,0.48022156953811646,0.0,0.0,0.4478381872177124,0.5439450144767761,0.0,0.0,0.5033208131790161,0.6041322946548462,0.0,0.0,0.510840892791748,0.6185586452484131,0.0,0.0,0.5189955234527588,0.6174219846725464,0.0,0.0,0.5163335800170898,0.6141398549079895,0.38259389996528625,0.5873967409133911,0.3345673382282257,0.5863096714019775,0.0,0.0,0.3783617913722992,0.673703670501709,0.0,0.0,0.36190086603164673,0.7766413688659668,0.3686332106590271,0.739536464214325,0.3382183909416199,0.7969685196876526,0.45562058687210083,0.7415217757225037,0.43294769525527954,0.8014848232269287
11,5,0,frame0011.jpg,0.5148688554763794,0.4580536484718323,0.5167794227600098,0.4497368037700653,0.5157022476196289,0.44897890090942383,0.514786422252655,0.4482634961605072,0.5147721767425537,0.44903257489204407,0.5119906067848206,0.4476795196533203,0.5092799663543701,0.4462926983833313,0.4960176348686218,0.4435780346393585,0.4899490475654602,0.441140353679657,0.5009472370147705,0.46196097135543823,0.4994874596595764,0.4613047242164612,0.4787134528160095,0.48558157682418823,0.40644627809524536,0.47883784770965576,0.0,0.0,0.4429355263710022,0.5432408452033997,0.0,0.0,0.5010396838188171,0.6018040180206299,0.0,0.0,0.5077383518218994,0.6175944805145264,0.0,0.0,0.517927885055542,0.6160950660705566,0.0,0.0,0.5156168937683105,0.6124298572540283,0.38421034812927246,0.5873797535896301,0.3345745801925659,0.5860793590545654,0.0,0.0,0.3780202269554138,0.6740689277648926,0.0,0.0,0.3618556261062622,0.7766647338867188,0.36908698081970215,0.7400829792022705,0.338463693857193,0.7970685362815857,0.45615509152412415,0.7415852546691895,0.4328129291534424,0.8008332252502441
12,5,0,frame0012.jpg,0.5143516659736633,0.45781561732292175,0.5161898136138916,0.4495087265968323,0.515104353427887,0.4487851560115814,0.5142036080360413,0.4481247663497925,0.5140185952186584,0.4487207531929016,0.511084258556366,0.44732412695884705,0.5083713531494141,0.4459573030471802,0.49557021260261536,0.4434923529624939,0.48917481303215027,0.44084370136260986,0.5006917715072632,0.461739182472229,0.4991130828857422,0.46101152896881104,0.48117542266845703,0.4858195185661316,0.40344926714897156,0.4774184823036194,0.0,0.0,0.4384513199329376,0.5419508218765259,0.0,0.0,0.4976637363433838,0.5976346731185913,0.0,0.0,0.5028736591339111,0.6143670082092285,0.0,0.0,0.5150171518325806,0.6129217743873596,0.0,0.0,0.5129390954971313,0.6087082028388977,0.3862626552581787,0.587324321269989,0.3347552418708801,0.5854018926620483,0.0,0.0,0.37727779150009155,0.674456000328064,0.0,0.0,0.361943781375885,0.7767550945281982,0.3695068955421448,0.7404448986053467,0.33919066190719604,0.7971570491790771,0.4564778506755829,0.7416923642158508,0.4327901303768158,0.8005034923553467
13,5,0,frame0013.jpg,0.5139449238777161,0.4576728343963623,0.5158053636550903,0.44940510392189026,0.514746904373169,0.4487035870552063,0.5138607025146484,0.4480714499950409,0.513477087020874,0.448551744222641,0.5103751420974731,0.44710761308670044,0.5075942277908325,0.44572675228118896,0.4952576756477356,0.44343966245651245,0.4884892702102661,0.4405469298362732,0.5004512667655945,0.46160346269607544,0.4987025856971741,0.4607905149459839,0.4831386208534241,0.4858630299568176,0.4016554653644562,0.47582918405532837,0.0,0.0,0.43471914529800415,0.5401639938354492,0.0,0.0,0.49326449632644653,0.5932730436325073,0.0,0.0,0.49833419919013977,0.6099300980567932,0.0,0.0,0.5108680725097656,0.6086606979370117,0.0,0.0,0.5087155103683472,0.6040816903114319,0.38823217153549194,0.5872411131858826,0.33507680892944336,0.5848851799964905,0.0,0.0,0.3764503002166748,0.6749743819236755,0.0,0.0,0.36205342411994934,0.7776655554771423,0.3696820139884949,0.7410792708396912,0.3400687575340271,0.7974433898925781,0.45667651295661926,0.741881251335144,0.43289729952812195,0.8004188537597656
14,5,0,frame0014.jpg,0.5134961009025574,0.45757874846458435,0.515398383140564,0.44931989908218384,0.5144098997116089,0.44864845275878906,0.5136014819145203,0.4480503797531128,0.5128782987594604,0.44835346937179565,0.509710967540741,0.44688618183135986,0.5069979429244995,0.4455519914627075,0.4950837790966034,0.443418025970459,0.4880233407020569,0.4402872323989868,0.5002884864807129,0.461516797542572,0.49834564328193665,0.4605892300605774,0.4849656820297241,0.4859367609024048,0.3991963863372803,0.47444474697113037,0.0,0.0,0.43047815561294556,0.5379542112350464,0.0,0.0,0.48784250020980835,0.5889430642127991,0.0,0.0,0.49415087699890137,0.6052020788192749,0.0,0.0,0.5068315863609314,0.6033603549003601,0.0,0.0,0.5045089721679688,0.5986519455909729,0.39062681794166565,0.5872001647949219,0.3354237675666809,0.5846282243728638,0.0,0.0,0.3753122389316559,0.6754285097122192,0.0,0.0,0.3621916174888611,0.7783956527709961,0.14787280559539795,0.2964317202568054,0.34094709157943726,0.7975990772247314,0.45711374282836914,0.7421371936798096,0.4331634044647217,0.8005737662315369
15,5,0,frame0015.jpg,0.5131641626358032,0.4574985206127167,0.5152347087860107,0.44924789667129517,0.5143164396286011,0.4486163854598999,0.5135191679000854,0.44804614782333374,0.5125095248222351,0.44813358783721924,0.5092194080352783,0.4466065764427185,0.5065057873725891,0.44529348611831665,0.495035320520401,0.44340968132019043,0.4875761866569519,0.43998467922210693,0.5002118349075317,0.4614484906196594,0.4980199337005615,0.4603918194770813,0.48700231313705444,0.48609283566474915,0.3966350555419922,0.4726535677909851,0.0,0.0,0.42511460185050964,0.5340518951416016,0.0,0.0,0.4812963008880615,0.5841336250305176,0.0,0.0,0.48902252316474915,0.6001744270324707,0.0,0.0,0.5014634728431702,0.5973868370056152,0.0,0.0,0.4988459646701813,0.5932128429412842,0.39353448152542114,0.5870751738548279,0.33647316694259644,0.5836842656135559,0.0,0.0,0.37470385432243347,0.6755932569503784,0.0,0.0,0.3622453212738037,0.7797367572784424,0.0591491237282753,0.11857268959283829,0.34195685386657715,0.7978354692459106,0.4473596513271332,0.7463724613189697,0.4336688816547394,0.8016228675842285
16,5,0,frame0016.jpg,0.5129084587097168,0.45738357305526733,0.5151464939117432,0.4491405487060547,0.5142810940742493,0.44851142168045044,0.5135002732276917,0.44793933629989624,0.5123531222343445,0.4479829668998718,0.5090178847312927,0.446418434381485,0.5062742829322815,0.44506707787513733,0.4949566721916199,0.4432764947414398,0.4873449206352234,0.43961769342422485,0.5000947713851929,0.46138378977775574,0.4977484941482544,0.46020203828811646,0.48818540573120117,0.4862983226776123,0.39484846591949463,0.47096124291419983,0.0,0.0,0.41864126920700073,0.5306808352470398,0.0,0.0,0.47407060861587524,0.579708456993103,0.0,0.0,0.48301422595977783,0.5946729183197021,0.0,0.0,0.4948396384716034,0.5916405916213989,0.0,0.0,0.49139404296875,0.587904691696167,0.39368847012519836,0.5882455110549927,0.33687376976013184,0.5848780870437622,0.0,0.0,0.3768822252750397,0.6757542490959167,0.0,0.0,0.3622124493122101,0.7802894711494446,0.02365965023636818,0.047429077327251434,0.3423207402229309,0.7979949116706848,0.4441295266151428,0.7475700378417969,0.4342051148414612,0.8022085428237915
17,5,0,frame0017.jpg,0.512806236743927,0.4573458433151245,0.5151339173316956,0.44910216331481934,0.5142886638641357,0.4484715461730957,0.513515293598175,0.4478941559791565,0.5123265981674194,0.44793397188186646,0.508992075920105,0.446361243724823,0.5061871409416199,0.4449753165245056,0.49488621950149536,0.4431912899017334,0.48707807064056396,0.4394187927246094,0.5000358819961548,0.46136409044265747,0.49759984016418457,0.46014314889907837,0.49018311500549316,0.48655182123184204,0.39109790325164795,0.4698873460292816,0.0,0.0,0.4139379858970642,0.5301910638809204,0.0,0.0,0.4697765111923218,0.5760488510131836,0.0,0.0,0.47923004627227783,0.5894429683685303,0.0,0.0,0.48843008279800415,0.5863506197929382,0.0,0.0,0.48481130599975586,0.583099901676178,0.3942849636077881,0.5886558890342712,0.33718180656433105,0.5846924781799316,0.0,0.0,0.3766760528087616,0.675926923751831,0.0,0.0,0.3622073829174042,0.7808793187141418,0.009463860653340816,0.018971631303429604,0.3426322340965271,0.7986029386520386,0.4437830448150635,0.747582197189331,0.4346576929092407,0.8026385307312012
18,5,0,frame0018.jpg,0.5126070976257324,0.45735737681388855,0.5151038765907288,0.449088990688324,0.5143085718154907,0.4484589695930481,0.5135346055030823,0.4478781819343567,0.5123011469841003,0.4479265511035919,0.5090088844299316,0.4463502764701843,0.5061508417129517,0.4449533224105835,0.4948629140853882,0.44315576553344727,0.48694199323654175,0.4393107295036316,0.49993830919265747,0.46137532591819763,0.497422993183136,0.46013399958610535,0.4921570420265198,0.4870394170284271,0.38864976167678833,0.4685057997703552,0.0,0.0,0.4081229567527771,0.527088463306427,0.0,0.0,0.46518903970718384,0.5700863599777222,0.0,0.0,0.4768590033054352,0.5814072489738464,0.0,0.0,0.4834612011909485,0.5783624053001404,0.0,0.0,0.4792848229408264,0.5752964615821838,0.39587873220443726,0.5887583494186401,0.33730384707450867,0.5845606327056885,0.0,0.0,0.37634676694869995,0.6761500835418701,0.0,0.0,0.3622191548347473,0.7813805937767029,0.0037855443079024553,0.007588652428239584,0.3427969217300415,0.7995219230651855,0.1775132268667221,0.29903289675712585,0.4356221854686737,0.803117036819458
19,5,0,frame0019.jpg,0.5119926333427429,0.45736759901046753,0.5149273872375488,0.44907844066619873,0.5142496824264526,0.4484565258026123,0.5135536193847656,0.4478803277015686,0.5121335983276367,0.4479290843009949,0.5089161396026611,0.4463593661785126,0.5060105919837952,0.44494593143463135,0.4950026273727417,0.4431806206703186,0.486737996339798,0.4392228424549103,0.4997294545173645,0.46140384674072266,0.4970483183860779,0.46014392375946045,0.4938930571079254,0.48736393451690674,0.3868926763534546,0.4673246145248413,0.0,0.0,0.4058873653411865,0.5247396230697632,0.0,0.0,0.46184253692626953,0.5623109340667725,0.0,0.0,0.4714964032173157,0.5727066993713379,0.0,0.0,0.47760337591171265,0.5688589215278625,0.0,0.0,0.4737119674682617,0.5658048987388611,0.39770418405532837,0.5888447761535645,0.33801716566085815,0.5845142602920532,0.0,0.0,0.3760759234428406,0.6762142777442932,0.0,0.0,0.3619711399078369,0.781579852104187,0.0015142176998779178,0.003035461064428091,0.34282100200653076,0.8001538515090942,0.07100529223680496,0.1196131631731987,0.4362201988697052,0.8033021688461304
20,5,0,frame0020.jpg,0.5115443468093872,0.45727142691612244,0.5148054957389832,0.4490205645561218,0.5142162442207336,0.44844406843185425,0.5135756134986877,0.4478830397129059,0.5119765996932983,0.4478566646575928,0.5088055729866028,0.446308434009552,0.5058396458625793,0.4448491334915161,0.49544134736061096,0.44330865144729614,0.48647382855415344,0.4390992522239685,0.4995827078819275,0.46140825748443604,0.49668335914611816,0.46009474992752075,0.495391845703125,0.4882725477218628,0.38631755113601685,0.46574729681015015,0.0,0.0,0.3978404998779297,0.5166951417922974,0.0,0.0,0.45146608352661133,0.5526019334793091,0.0,0.0,0.4619421362876892,0.5636880397796631,0.0,0.0,0.4703742563724518,0.5601197481155396,0.0,0.0,0.4663656949996948,0.5570156574249268,0.3990693688392639,0.5888381004333496,0.33898618817329407,0.5828473567962646,0.0,0.0,0.37556523084640503,0.6758431792259216,0.0,0.0,0.36172956228256226,0.7815419435501099,0.0006056870915926993,0.0012141844490543008,0.34273821115493774,0.8004012107849121,0.028402118012309074,0.0478452667593956,0.43647265434265137,0.8033594489097595
21,5,0,frame0021.jpg,0.5111309289932251,0.4572001099586487,0.5147041082382202,0.4489815831184387,0.5141946077346802,0.44844019412994385,0.5135900974273682,0.447934627532959,0.5118314623832703,0.44775789976119995,0.5087113380432129,0.4462389349937439,0.5056926012039185,0.444736123085022,0.49599510431289673,0.4434528350830078,0.4863309860229492,0.43897348642349243,0.4993584156036377,0.4614127576351166,0.49626970291137695,0.46005451679229736,0.4968028962612152,0.4889971613883972,0.3858567178249359,0.4643931984901428,0.0,0.0,0.39035171270370483,0.5093770027160645,0.0,0.0,0.4313485622406006,0.5409578680992126,0.0,0.0,0.4422522783279419,0.5505791306495667,0.0,0.0,0.44795429706573486,0.5457183122634888,0.0,0.0,0.44406694173812866,0.5436384677886963,0.40053433179855347,0.5890244841575623,0.3398241698741913,0.5818703770637512,0.0,0.0,0.37492311000823975,0.6756464242935181,0.0,0.0,0.36162036657333374,0.781326174736023,0.00024227483663707972,0.0004856737796217203,0.3426988422870636,0.8005944490432739,0.011360847391188145,0.01913810707628727,0.4365690350532532,0.8033914566040039
22,5,0,frame0022.jpg,0.510975182056427,0.4570454955101013,0.5146624445915222,0.44892576336860657,0.5141791105270386,0.4484279155731201,0.5136040449142456,0.44795721769332886,0.5117856860160828,0.4476322829723358,0.5086829662322998,0.44615644216537476,0.5056525468826294,0.4446380138397217,0.4962170720100403,0.44348716735839844,0.4862919747829437,0.4388774037361145,0.4992132782936096,0.461383581161499,0.49602949619293213,0.4599376916885376,0.49714696407318115,0.4891735315322876,0.38599297404289246,0.46364882588386536,0.0,0.0,0.39183303713798523,0.5084089636802673,0.0,0.0,0.4333574175834656,0.5348261594772339,0.0,0.0,0.4426710605621338,0.5363503098487854,0.0,0.0,0.44645169377326965,0.5319793224334717,0.0,0.0,0.442949116230011,0.5303191542625427,0.4022701680660248,0.5891554355621338,0.3413029909133911,0.5815022587776184,0.0,0.0,0.37449121475219727,0.675722062587738,0.0,0.0,0.36140432953834534,0.7812303304672241,9.690993465483189e-05,0.00019426950893830508,0.34266650676727295,0.8011466860771179,0.004544339142739773,0.007655242923647165,0.4366084337234497,0.8034554719924927
23,5,0,frame0023.jpg,0.5109534859657288,0.45698463916778564,0.5146499276161194,0.44892996549606323,0.5141767263412476,0.44844692945480347,0.5136163234710693,0.4479881227016449,0.5117732286453247,0.4475998878479004,0.5087265968322754,0.4461381435394287,0.5056718587875366,0.44460928440093994,0.49630752205848694,0.4434780478477478,0.4862915873527527,0.43883615732192993,0.4991348385810852,0.46141040325164795,0.4959317445755005,0.4598994255065918,0.4970977306365967,0.4870747923851013,0.3860245943069458,0.46319228410720825,0.0,0.0,0.4071792960166931,0.5113025307655334,0.0,0.0,0.4400777220726013,0.5217020511627197,0.0,0.0,0.4531834125518799,0.5211816430091858,0.0,0.0,0.4486735463142395,0.5137364268302917,0.0,0.0,0.44543182849884033,0.5135955214500427,0.40310001373291016,0.5898606777191162,0.3426365852355957,0.5816129446029663,0.0,0.0,0.3735034465789795,0.6766082048416138,0.0,0.0,0.3612153232097626,0.7811861038208008,3.8763973861932755e-05,7.770780212013051e-05,0.3426571488380432,0.8013380765914917,0.0018177357269451022,0.0030620971228927374,0.43668127059936523,0.8034761548042297
24,5,0,frame0024.jpg,0.5111185908317566,0.4569494128227234,0.5147284269332886,0.44893550872802734,0.5142316818237305,0.44845637679100037,0.5136728286743164,0.4480023980140686,0.5118597745895386,0.4475923478603363,0.50892174243927,0.44613879919052124,0.5058282017707825,0.4446062445640564,0.4963509142398834,0.4434015154838562,0.4862976670265198,0.43881213665008545,0.49908071756362915,0.461426317691803,0.4958984851837158,0.4598923921585083,0.4957538843154907,0.4834471344947815,0.38630595803260803,0.4628586173057556,0.0,0.0,0.41688188910484314,0.5128975510597229,0.0,0.0,0.46111899614334106,0.5085976123809814,0.0,0.0,0.47378477454185486,0.5066677331924438,0.0,0.0,0.46723097562789917,0.501933217048645,0.0,0.0,0.46400687098503113,0.502545952796936,0.4032462239265442,0.5907974243164062,0.34349697828292847,0.5826319456100464,0.0,0.0,0.3711512088775635,0.6790779829025269,0.0,0.0,0.3611435294151306,0.7811545133590698,1.5505589544773102e-05,3.108312012045644e-05,0.34283018112182617,0.8012644052505493,0.0007270943024195731,0.0012248388957232237,0.4366462528705597,0.8034524321556091
25,5,0,frame0025.jpg,0.5112378597259521,0.45698869228363037,0.5150040984153748,0.44906115531921387,0.5145596265792847,0.4485938549041748,0.5141016244888306,0.44814562797546387,0.5119985938072205,0.44769397377967834,0.5091493129730225,0.44624215364456177,0.5060353875160217,0.4446698725223541,0.4965819716453552,0.44339293241500854,0.4863088130950928,0.4388046860694885,0.49905914068222046,0.46155285835266113,0.49588778614997864,0.4599817991256714,0.49518266320228577,0.48160606622695923,0.3870590925216675,0.46158260107040405,0.0,0.0,0.41548120975494385,0.5089454650878906,0.0,0.0,0.46903252601623535,0.5011458992958069,0.0,0.0,0.48341214656829834,0.4987267255783081,0.0,0.0,0.47886961698532104,0.49424952268600464,0.0,0.0,0.4745754301548004,0.495098352432251,0.40341266989707947,0.5910950303077698,0.34474119544029236,0.5830711126327515,0.0,0.0,0.36998510360717773,0.6799460053443909,0.0,0.0,0.3611171841621399,0.7811332941055298,6.202235908858711e-06,1.2433248230081517e-05,0.3428819179534912,0.8010382056236267,0.00029083772096782923,0.0004899355699308217,0.43649783730506897,0.8034371137619019
26,5,0,frame0026.jpg,0.5114250779151917,0.4570060968399048,0.5153163075447083,0.4491626024246216,0.5148630738258362,0.4487200677394867,0.5144484639167786,0.4483029246330261,0.5122543573379517,0.44778478145599365,0.509463906288147,0.44635477662086487,0.5063546895980835,0.44474655389785767,0.49685025215148926,0.4434635639190674,0.4863632917404175,0.4388083815574646,0.4990764260292053,0.46164095401763916,0.49592655897140503,0.46004199981689453,0.49544912576675415,0.481181800365448,0.3878391683101654,0.4608679413795471,0.0,0.0,0.40089255571365356,0.5041617155075073,0.0,0.0,0.42148828506469727,0.5022158026695251,0.0,0.0,0.4234452247619629,0.503303050994873,0.0,0.0,0.4242497682571411,0.49745115637779236,0.0,0.0,0.42075610160827637,0.4976130723953247,0.4043477773666382,0.5919037461280823,0.34559863805770874,0.5837648510932922,0.0,0.0,0.36910638213157654,0.680752694606781,0.0,0.0,0.3611518144607544,0.7811129093170166,2.4808944090182194e-06,4.973299382982077e-06,0.34292787313461304,0.8008544445037842,0.00011633508984232321,0.0001959742367034778,0.43575745820999146,0.803135871887207
27,5,0,frame0027.jpg,0.5121785998344421,0.45683395862579346,0.5159593820571899,0.4491739869117737,0.5155102014541626,0.4487552046775818,0.515155017375946,0.44836318492889404,0.5127891302108765,0.4477776885032654,0.5100187063217163,0.44635480642318726,0.5068989992141724,0.4447256922721863,0.4972630739212036,0.44349414110183716,0.4865238666534424,0.43880975246429443,0.49944621324539185,0.4615747630596161,0.4963492155075073,0.4599294662475586,0.4955253005027771,0.4810619354248047,0.3895585536956787,0.4609053432941437,0.0,0.0,0.38913506269454956,0.49806103110313416,0.0,0.0,0.3916451334953308,0.48916131258010864,0.0,0.0,0.3870634138584137,0.4864092469215393,0.0,0.0,0.38701266050338745,0.48145294189453125,0.0,0.0,0.38677752017974854,0.48412156105041504,0.4050808548927307,0.5923046469688416,0.34612035751342773,0.5841707587242126,0.0,0.0,0.3686651885509491,0.6812911033630371,0.0,0.0,0.36126255989074707,0.7811548709869385,9.923577408699202e-07,1.989319798667566e-06,0.3429996967315674,0.8007689714431763,4.653403811971657e-05,7.838969759177417e-05,0.43528151512145996,0.802704930305481
28,5,0,frame0028.jpg,0.5130723714828491,0.4567129611968994,0.5168130397796631,0.4491778612136841,0.5165168642997742,0.4487721920013428,0.5163716673851013,0.4484088122844696,0.5133801102638245,0.44776540994644165,0.5105813145637512,0.44634541869163513,0.507387638092041,0.44469553232192993,0.49853137135505676,0.4436507821083069,0.48667868971824646,0.4388110637664795,0.5002507567405701,0.461497962474823,0.49681317806243896,0.4598469138145447,0.49568381905555725,0.4806520342826843,0.39088505506515503,0.46213674545288086,0.0,0.0,0.3800618052482605,0.4990878999233246,0.0,0.0,0.3768129348754883,0.478412002325058,0.0,0.0,0.36660900712013245,0.4729134440422058,0.0,0.0,0.3667110800743103,0.46864449977874756,0.0,0.0,0.3698270916938782,0.4723762273788452,0.40575432777404785,0.5925870537757874,0.3467809557914734,0.5849973559379578,0.0,0.0,0.36853650212287903,0.6818496584892273,0.0,0.0,0.3612898886203766,0.7811646461486816,3.9694310771665187e-07,7.957279422043939e-07,0.3430134057998657,0.8006888031959534,1.8613614884088747e-05,3.135588121949695e-05,0.434343159198761,0.8020756244659424
29,5,0,frame0029.jpg,0.5137405395507812,0.4566658139228821,0.517680823802948,0.4491990804672241,0.5175515413284302,0.4488135576248169,0.5175961852073669,0.4484867453575134,0.513995349407196,0.44777023792266846,0.5111510753631592,0.4463566243648529,0.5078611373901367,0.44469064474105835,0.4997977316379547,0.4438542127609253,0.4867970943450928,0.4388129711151123,0.5008769631385803,0.4614778757095337,0.49724388122558594,0.4598165452480316,0.49413061141967773,0.4800325632095337,0.39231860637664795,0.4648042321205139,0.0,0.0,0.376327782869339,0.5009949207305908,0.0,0.0,0.36706140637397766,0.46943962574005127,0.0,0.0,0.3549930453300476,0.4626600444316864,0.0,0.0,0.35439762473106384,0.4582919776439667,0.0,0.0,0.358614981174469,0.46222007274627686,0.40592893958091736,0.5929179191589355,0.34717172384262085,0.5861162543296814,0.0,0.0,0.3685392737388611,0.682438313961029,0.0,0.0,0.36127328872680664,0.7811453342437744,1.587772402444898e-07,3.182911711974157e-07,0.34287548065185547,0.8006098866462708,7.445446044584969e-06,1.2542353033495601e-05,0.4338657259941101,0.8017886877059937
30,5,0,frame0030.jpg,0.5145217180252075,0.45633959770202637,0.5185683369636536,0.4490635395050049,0.518578290939331,0.4487047791481018,0.5187668800354004,0.4484214186668396,0.5147407650947571,0.4475986361503601,0.5118349194526672,0.4461521506309509,0.5084142684936523,0.4444521367549896,0.501046895980835,0.44390934705734253,0.4868828356266022,0.43875250220298767,0.5015542507171631,0.46117621660232544,0.4977167248725891,0.45949846506118774,0.4926726818084717,0.4790666699409485,0.39480826258659363,0.46713876724243164,0.0,0.0,0.372622549533844,0.5016427040100098,0.0,0.0,0.35936757922172546,0.4616991877555847,0.0,0.0,0.34572696685791016,0.45300227403640747,0.0,0.0,0.34443581104278564,0.44845300912857056,0.0,0.0,0.3499595522880554,0.4530583918094635,0.40592730045318604,0.5931930541992188,0.3476577401161194,0.5872628092765808,0.0,0.0,0.36854588985443115,0.6827176809310913,0.0,0.0,0.3611993193626404,0.7809737324714661,6.351089609779592e-08,1.2731646847896627e-07,0.3427659869194031,0.8005002737045288,2.9781783723592525e-06,5.016941486246651e-06,0.43364256620407104,0.8015165328979492
31,5,0,frame0031.jpg,0.515100359916687,0.4558236598968506,0.5192235708236694,0.4488316476345062,0.5194255113601685,0.44852352142333984,0.519824743270874,0.4483048915863037,0.5151735544204712,0.4473145604133606,0.5121800899505615,0.4458286464214325,0.5086690187454224,0.4441181421279907,0.5023801922798157,0.4439448118209839,0.4869275987148285,0.4387128949165344,0.5024269223213196,0.46073538064956665,0.4981648623943329,0.4590628743171692,0.4932965338230133,0.478700190782547,0.39795589447021484,0.4694148898124695,0.0,0.0,0.36694952845573425,0.5006088614463806,0.0,0.0,0.35164445638656616,0.45636528730392456,0.0,0.0,0.3385491371154785,0.44588398933410645,0.0,0.0,0.33772438764572144,0.44173121452331543,0.0,0.0,0.3428265452384949,0.44637972116470337,0.40580540895462036,0.5936261415481567,0.3479103147983551,0.5878671407699585,0.0,0.0,0.36858147382736206,0.6828673481941223,0.0,0.0,0.36114633083343506,0.7808648347854614,2.5404359504932472e-08,5.092658739158651e-08,0.34271830320358276,0.8003953099250793,1.191271394418436e-06,2.0067766399733955e-06,0.43353304266929626,0.8014956712722778
32,5,0,frame0032.jpg,0.5157296657562256,0.4554038643836975,0.5197916030883789,0.44862788915634155,0.5201414227485657,0.4483541250228882,0.520702064037323,0.4481828808784485,0.5155491828918457,0.44706910848617554,0.5124548673629761,0.4455344080924988,0.5088584423065186,0.4437907636165619,0.5035727024078369,0.44395947456359863,0.48704391717910767,0.4385402798652649,0.5031795501708984,0.46029072999954224,0.4985642433166504,0.4585525393486023,0.4940294921398163,0.4790409207344055,0.39977410435676575,0.47032859921455383,0.0,0.0,0.3601366877555847,0.4984194040298462,0.0,0.0,0.34510597586631775,0.45146656036376953,0.0,0.0,0.33146169781684875,0.43956631422042847,0.0,0.0,0.33077365159988403,0.43542420864105225,0.0,0.0,0.33590856194496155,0.440166175365448,0.405987411737442,0.5944445133209229,0.3480048179626465,0.5883764028549194,0.0,0.0,0.3685661256313324,0.6834690570831299,0.0,0.0,0.36109602451324463,0.780816912651062,1.016174433488004e-08,2.0370634956634603e-08,0.34273064136505127,0.8003476858139038,4.765085748204001e-07,8.027106446206744e-07,0.4334716200828552,0.80150306224823
33,5,0,frame0033.jpg,0.5164930820465088,0.4549873471260071,0.5203582048416138,0.44841188192367554,0.5208019614219666,0.44817978143692017,0.5214588642120361,0.4480612576007843,0.5159561038017273,0.44678357243537903,0.5128003358840942,0.4452095627784729,0.5091538429260254,0.4434564411640167,0.5045778751373291,0.44397151470184326,0.4872875213623047,0.4383610785007477,0.5039674043655396,0.4598749279975891,0.4990815222263336,0.458050400018692,0.49506014585494995,0.4792463779449463,0.40147364139556885,0.4704890251159668,0.26128649711608887,0.28183621168136597,0.3542441129684448,0.49562907218933105,0.20771926641464233,0.25803935527801514,0.3385198414325714,0.44608092308044434,0.0,0.0,0.32493069767951965,0.4332162141799927,0.0,0.0,0.3245459198951721,0.42914292216300964,0.0,0.0,0.32917696237564087,0.43418192863464355,0.4062671661376953,0.5950093269348145,0.3481025695800781,0.5887013673782349,0.0,0.0,0.3685671091079712,0.6841493844985962,0.0,0.0,0.361076295375824,0.7807933688163757,4.0646979115877e-09,8.148254515560893e-09,0.34274572134017944,0.8003214597702026,1.9060342992816004e-07,3.2108425784826977e-07,0.43342769145965576,0.8015100955963135
34,6,0,frame0034.jpg,0.51694256067276,0.4546394944190979,0.5206551551818848,0.44824397563934326,0.5211511254310608,0.44804126024246216,0.5218574404716492,0.4479544758796692,0.516144335269928,0.44655269384384155,0.5129643082618713,0.4449416995048523,0.509294331073761,0.443162202835083,0.5050603151321411,0.4439485967159271,0.48750805854797363,0.43816572427749634,0.5044610500335693,0.45952773094177246,0.4993322491645813,0.45763665437698364,0.4957967698574066,0.47943171858787537,0.40245357155799866,0.47018590569496155,0.3649367094039917,0.3935956060886383,0.35052841901779175,0.4937363266944885,0.2888392210006714,0.35992008447647095,0.334910124540329,0.4435402452945709,0.19333070516586304,0.24975620210170746,0.3216215968132019,0.4297040104866028,0.1910281628370285,0.24784743785858154,0.31989794969558716,0.4254165589809418,0.0,0.0,0.3243648409843445,0.4311903119087219,0.40631529688835144,0.5952495336532593,0.3481351137161255,0.5887874960899353,0.0,0.0,0.36858034133911133,0.6846835613250732,0.0,0.0,0.3610663115978241,0.7807474136352539,1.625879209044001e-09,3.2593019394511202e-09,0.3427504897117615,0.8003056049346924,7.624137055017854e-08,1.2843371166582074e-07,0.4333554208278656,0.8014693260192871
35,6,1,frame0035.jpg,0.5172756910324097,0.4542764127254486,0.520845353603363,0.4480524957180023,0.5214089155197144,0.44789552688598633,0.5221863985061646,0.4478537440299988,0.5162231922149658,0.44630926847457886,0.5130321979522705,0.444699227809906,0.5093514919281006,0.4429296851158142,0.5052764415740967,0.4439429044723511,0.48761290311813354,0.43804723024368286,0.5051144361495972,0.4591732323169708,0.4995323717594147,0.45721596479415894,0.4963608980178833,0.47955864667892456,0.4028337597846985,0.46974414587020874,0.4051014184951782,0.4366610050201416,0.346666157245636,0.4924444258213043,0.32000747323036194,0.3982590436935425,0.3324730098247528,0.4413386583328247,0.26970455050468445,0.34858253598213196,0.3200089931488037,0.42743533849716187,0.2671627998352051,0.34642720222473145,0.3179076313972473,0.4228969216346741,0.0,0.0,0.32270973920822144,0.4288768768310547,0.40629568696022034,0.5954058170318604,0.3481585383415222,0.5888230800628662,0.0,0.0,0.36870503425598145,0.6849256157875061,0.0,0.0,0.36106061935424805,0.7806967496871948,6.503517169242912e-10,1.3037207979849086e-09,0.34275132417678833,0.8002931475639343,0.2669904828071594,0.4518674910068512,0.43330562114715576,0.8014466762542725
36,6,0,frame0036.jpg,0.5174264907836914,0.45401546359062195,0.5209168195724487,0.447908878326416,0.5215201377868652,0.4478110373020172,0.522354245185852,0.4478107690811157,0.516247570514679,0.446077823638916,0.5130574107170105,0.4444909691810608,0.5093749165534973,0.44276249408721924,0.5053641200065613,0.4439757466316223,0.48763442039489746,0.4379562735557556,0.5055547952651978,0.45889541506767273,0.49963489174842834,0.45685771107673645,0.4965594410896301,0.4797002077102661,0.4030757546424866,0.46914762258529663,0.416340708732605,0.45197010040283203,0.34317144751548767,0.49159181118011475,0.33347055315971375,0.4126676321029663,0.3331182599067688,0.4391259551048279,0.3007006049156189,0.38808658719062805,0.3235693871974945,0.4249897003173828,0.29888251423835754,0.3857635259628296,0.3220764398574829,0.4206807017326355,0.19677245616912842,0.2493424117565155,0.32648175954818726,0.42654404044151306,0.4062059819698334,0.5955079793930054,0.3481837511062622,0.588991105556488,0.0,0.0,0.3689311146736145,0.6850288510322571,0.0,0.0,0.3610526919364929,0.780566930770874,2.6014068676971647e-10,5.214883525006542e-10,0.34276527166366577,0.8002290725708008,0.37381428480148315,0.6325348615646362,0.43328845500946045,0.801429271697998
37,6,0,frame0037.jpg,0.5174853801727295,0.4538179039955139,0.5209391117095947,0.4477546215057373,0.5215520858764648,0.44772589206695557,0.5224080085754395,0.44777560234069824,0.5162301063537598,0.44586771726608276,0.5130458474159241,0.4443361759185791,0.5093690156936646,0.4426671862602234,0.5053754448890686,0.44400113821029663,0.48759543895721436,0.4379091262817383,0.5057514309883118,0.4586864113807678,0.4996814727783203,0.4566259980201721,0.4962126612663269,0.47980475425720215,0.4031185209751129,0.4679259955883026,0.41995352506637573,0.45868417620658875,0.3399224877357483,0.4910237193107605,0.34154486656188965,0.41931116580963135,0.3348703980445862,0.4382617473602295,0.31506475806236267,0.4046053886413574,0.3268051743507385,0.42437756061553955,0.3135267198085785,0.40175357460975647,0.3254850506782532,0.4201187789440155,0.2779809236526489,0.3493860960006714,0.3303455114364624,0.42577677965164185,0.4060731828212738,0.5956702828407288,0.3481869697570801,0.5893105268478394,0.0,0.0,0.3692665100097656,0.6851935386657715,0.0,0.0,0.36104822158813477,0.780398964881897,1.0405627748344415e-10,2.0859534932693435e-10,0.34276872873306274,0.8001995086669922,0.41670113801956177,0.7046992778778076,0.43330276012420654,0.801423192024231
38,6,0,frame0038.jpg,0.5175981521606445,0.45370009541511536,0.5209421515464783,0.44766151905059814,0.5215551853179932,0.4476777911186218,0.5224127173423767,0.44775962829589844,0.5162217020988464,0.4457557797431946,0.5130404233932495,0.4442656636238098,0.5093666315078735,0.4426318407058716,0.5052503347396851,0.44403719902038574,0.4873790144920349,0.4378926753997803,0.5059444904327393,0.45851409435272217,0.4997805953025818,0.4564400315284729,0.4961014986038208,0.47989100217819214,0.40307098627090454,0.4667659401893616,0.4227074682712555,0.4619016945362091,0.33588534593582153,0.49050214886665344,0.34625786542892456,0.42207837104797363,0.33566421270370483,0.43756693601608276,0.32197093963623047,0.4108138680458069,0.32848235964775085,0.4236608147621155,0.32001280784606934,0.40790650248527527,0.32651764154434204,0.41952037811279297,0.31125059723854065,0.3892143964767456,0.33188700675964355,0.4250602126121521,0.40599334239959717,0.5959838032722473,0.347961962223053,0.5896651148796082,0.0,0.0,0.36979803442955017,0.6852184534072876,0.0,0.0,0.3610471189022064,0.7802605628967285,4.162251099337766e-11,8.343813834299496e-11,0.3427697420120239,0.8001588582992554,0.43389979004859924,0.7335571050643921,0.4333091378211975,0.8014252781867981
39,6,0,frame0039.jpg,0.5178875923156738,0.4536679983139038,0.520942747592926,0.44765907526016235,0.5215466022491455,0.44770151376724243,0.5224065780639648,0.44780322909355164,0.5162495374679565,0.4457859992980957,0.5130846500396729,0.4443795084953308,0.5094214677810669,0.4428381621837616,0.5043370127677917,0.4440677762031555,0.48715394735336304,0.4381083846092224,0.5063377022743225,0.45844846963882446,0.5002487301826477,0.4563714265823364,0.4957680106163025,0.4798962473869324,0.40300604701042175,0.4662224054336548,0.42240506410598755,0.46175915002822876,0.3334643840789795,0.4900965094566345,0.34823185205459595,0.42299050092697144,0.3358275294303894,0.43746545910835266,0.3248656392097473,0.4130241870880127,0.32878434658050537,0.42391282320022583,0.3226027488708496,0.40998971462249756,0.32606273889541626,0.41952216625213623,0.3242183029651642,0.4047830402851105,0.33188873529434204,0.42523229122161865,0.4055844843387604,0.5963544845581055,0.34783846139907837,0.5902780294418335,0.0,0.0,0.3715815544128418,0.684848964214325,0.0,0.0,0.3610457181930542,0.7801228761672974,0.21585433185100555,0.444015234708786,0.34269076585769653,0.8001389503479004,0.44114619493484497,0.7447735071182251,0.4333721697330475,0.8014860153198242
40,6,0,frame0040.jpg,0.5182093381881714,0.45372533798217773,0.5209354162216187,0.4477434754371643,0.5215006470680237,0.44779571890830994,0.5222976207733154,0.44789981842041016,0.5162625908851624,0.445949912071228,0.5131076574325562,0.44465625286102295,0.50944983959198,0.4432358741760254,0.5030320882797241,0.4441518485546112,0.4869384765625,0.4386179447174072,0.5068902373313904,0.4584944248199463,0.5009810924530029,0.4564458727836609,0.49556076526641846,0.4799225330352783,0.40293940901756287,0.46601057052612305,0.4235265552997589,0.46036672592163086,0.33203887939453125,0.48983392119407654,0.3492204546928406,0.42325615882873535,0.3358413577079773,0.43751439452171326,0.3262074887752533,0.41387271881103516,0.3283365070819855,0.42411792278289795,0.3240540027618408,0.4107722342014313,0.32562166452407837,0.4196874499320984,0.3296726942062378,0.4109365940093994,0.33174750208854675,0.42557501792907715,0.40522491931915283,0.5970272421836853,0.3477834463119507,0.5910298228263855,0.27410122752189636,0.404491662979126,0.37431177496910095,0.6845110058784485,0.0,0.0,0.36127573251724243,0.7799218893051147,0.30215296149253845,0.6214865446090698,0.34266453981399536,0.8001278042793274,0.44420987367630005,0.7491984367370605,0.43387430906295776,0.8015395402908325
41,6,0,frame0041.jpg,0.5182788372039795,0.4538723826408386,0.5205709934234619,0.4479063153266907,0.5210884213447571,0.4479784369468689,0.5218557715415955,0.448097825050354,0.5159475803375244,0.44616901874542236,0.5128079652786255,0.44495105743408203,0.5091171860694885,0.4435875415802002,0.5020737051963806,0.4444311857223511,0.4863261580467224,0.43909257650375366,0.5070924758911133,0.45870354771614075,0.501215934753418,0.4566054344177246,0.49567538499832153,0.48032933473587036,0.40266531705856323,0.4663022458553314,0.42465412616729736,0.4604148268699646,0.3305280804634094,0.4898974895477295,0.34985077381134033,0.42362549901008606,0.33573809266090393,0.4374682307243347,0.32701003551483154,0.4142477512359619,0.3280569314956665,0.423977792263031,0.3249422013759613,0.4112495183944702,0.32537978887557983,0.4196815490722656,0.33203786611557007,0.41358301043510437,0.3315460681915283,0.4256657361984253,0.4049305319786072,0.5980585217475891,0.3475576639175415,0.5919413566589355,0.3850390315055847,0.5663881897926331,0.37791237235069275,0.684127688407898,0.0,0.0,0.36150920391082764,0.7798402905464172,0.33667343854904175,0.6920976638793945,0.34264421463012695,0.800189733505249,0.4454444944858551,0.7509642243385315,0.4344860911369324,0.8017512559890747
42,6,0,frame0042.jpg,0.5181605815887451,0.45423832535743713,0.5201922655105591,0.4482934772968292,0.5207027792930603,0.4484103322029114,0.5214818716049194,0.4485815763473511,0.5155693888664246,0.44658929109573364,0.5124384164810181,0.4454335570335388,0.5087236762046814,0.4441012740135193,0.5015889406204224,0.4450310468673706,0.4857301712036133,0.4397086203098297,0.5070983171463013,0.4591652750968933,0.5011444091796875,0.4569430947303772,0.4957236647605896,0.48104149103164673,0.4022470712661743,0.4676326811313629,0.4252740144729614,0.46097224950790405,0.32935023307800293,0.49012869596481323,0.3498404622077942,0.42384427785873413,0.3357186019420624,0.43814581632614136,0.3272000849246979,0.41445639729499817,0.32821470499038696,0.4245535731315613,0.3252652883529663,0.4117305278778076,0.32560211420059204,0.42026400566101074,0.33265239000320435,0.414836049079895,0.3315306305885315,0.4264044165611267,0.4042731523513794,0.5989407896995544,0.3471274971961975,0.5930505990982056,0.43100523948669434,0.6311818957328796,0.38257017731666565,0.683821976184845,0.0,0.0,0.36199694871902466,0.779810905456543,0.3504825830459595,0.7201919555664062,0.34262967109680176,0.8003008961677551,0.44523072242736816,0.7518846392631531,0.4348827600479126,0.8019716739654541
43,6,0,frame0043.jpg,0.518071174621582,0.45517581701278687,0.5199530720710754,0.4491822123527527,0.5204223990440369,0.44931113719940186,0.521157443523407,0.44951027631759644,0.5153219103813171,0.44748571515083313,0.5122054815292358,0.44639334082603455,0.5084912180900574,0.44508761167526245,0.5011672377586365,0.44589632749557495,0.48543545603752136,0.4407580494880676,0.5070596933364868,0.4602178633213043,0.5010834336280823,0.45791321992874146,0.4954899549484253,0.48213428258895874,0.4017992615699768,0.4690037965774536,0.4255465269088745,0.46171438694000244,0.32910487055778503,0.4903225898742676,0.3498973250389099,0.4245215654373169,0.3358469009399414,0.4390560984611511,0.3274041712284088,0.4152851700782776,0.32880380749702454,0.4256983995437622,0.325539231300354,0.4127205014228821,0.32595446705818176,0.4214136600494385,0.33309561014175415,0.41616928577423096,0.33174651861190796,0.42747294902801514,0.40391796827316284,0.5992382764816284,0.34688863158226013,0.5936960577964783,0.45031702518463135,0.6569721102714539,0.3871714472770691,0.6832464933395386,0.23244637250900269,0.4370766580104828,0.36256730556488037,0.7798435688018799,0.35689055919647217,0.7309656739234924,0.3427347242832184,0.8005576729774475,0.44627559185028076,0.7508761882781982,0.4354962110519409,0.8021775484085083
44,6,0,frame0044.jpg,0.5181587934494019,0.4557180404663086,0.5198637247085571,0.4497181177139282,0.5203076004981995,0.4498429298400879,0.5210236310958862,0.45003193616867065,0.5152244567871094,0.448078989982605,0.5121124982833862,0.4470541477203369,0.508392870426178,0.4458102285861969,0.5009639263153076,0.4465706944465637,0.48529332876205444,0.4418022036552429,0.5072295665740967,0.4609606862068176,0.5012351870536804,0.4587911367416382,0.4964447617530823,0.4833427667617798,0.4013310968875885,0.470278263092041,0.42570990324020386,0.46230167150497437,0.3289831280708313,0.4907577633857727,0.3496871292591095,0.42540812492370605,0.3361411392688751,0.43974149227142334,0.32731348276138306,0.4162745475769043,0.32934248447418213,0.42669057846069336,0.32565394043922424,0.413753867149353,0.3265121877193451,0.4224013686180115,0.33331775665283203,0.4173271656036377,0.3321042060852051,0.42831072211265564,0.4035160541534424,0.599312961101532,0.3467937707901001,0.5943848490715027,0.4586791396141052,0.6672205924987793,0.3931052088737488,0.6829880475997925,0.32612505555152893,0.6116573214530945,0.3630940318107605,0.7798514366149902,0.35996705293655396,0.7351782917976379,0.34278976917266846,0.8006588220596313,0.44675612449645996,0.7503143548965454,0.43617796897888184,0.8024771213531494
45,6,0,frame0045.jpg,0.5180644392967224,0.4568111300468445,0.5194920301437378,0.45064544677734375,0.5198661684989929,0.4507250189781189,0.520517110824585,0.4508856534957886,0.5147925019264221,0.4490931034088135,0.5115591287612915,0.4480935335159302,0.5076584815979004,0.44688618183135986,0.5002890825271606,0.44757938385009766,0.48468780517578125,0.4430055022239685,0.507012128829956,0.4623129963874817,0.5009380578994751,0.46038103103637695,0.49686408042907715,0.4849163293838501,0.4005095362663269,0.47186005115509033,0.42602694034576416,0.46496596932411194,0.3283444046974182,0.4925825595855713,0.3492257297039032,0.4271385669708252,0.33596986532211304,0.4402840733528137,0.3271220326423645,0.4167516231536865,0.32980868220329285,0.4278343617916107,0.325840026140213,0.4145751893520355,0.3268473148345947,0.4233704209327698,0.33353447914123535,0.41857796907424927,0.33251941204071045,0.4292178750038147,0.4028823971748352,0.5993216633796692,0.3468547463417053,0.5953298807144165,0.46211016178131104,0.6710996031761169,0.4005544185638428,0.6829385161399841,0.3642876148223877,0.6815008521080017,0.36365509033203125,0.7796754837036133,0.36205440759658813,0.7368726134300232,0.3426949381828308,0.8006632924079895,0.44715189933776855,0.7497783899307251,0.43663549423217773,0.8025968074798584
46,6,0,frame0046.jpg,0.5174349546432495,0.4581823945045471,0.5187747478485107,0.45189523696899414,0.5190445780754089,0.4519580602645874,0.5195927023887634,0.4521259665489197,0.5141469836235046,0.4502936601638794,0.5108152031898499,0.44924259185791016,0.5067895650863647,0.4480094313621521,0.4997650980949402,0.44892045855522156,0.48418670892715454,0.4440603256225586,0.5057215094566345,0.46385544538497925,0.499741792678833,0.4619521498680115,0.4961519241333008,0.4859135150909424,0.40006768703460693,0.4732004404067993,0.4261850118637085,0.47001564502716064,0.3284074664115906,0.4957242012023926,0.3490912914276123,0.430949330329895,0.33919617533683777,0.4446360170841217,0.3271554410457611,0.4194539785385132,0.33090922236442566,0.43158721923828125,0.32659876346588135,0.4175926446914673,0.32867079973220825,0.4270327091217041,0.33387407660484314,0.42190414667129517,0.33361756801605225,0.4331463575363159,0.4019472599029541,0.5992438793182373,0.34721940755844116,0.5961240530014038,0.4632331132888794,0.6720285415649414,0.4098551869392395,0.682895302772522,0.38114312291145325,0.7094483375549316,0.36401844024658203,0.7795161604881287,0.36504197120666504,0.7378184795379639,0.34185731410980225,0.8006760478019714,0.44785022735595703,0.7488148808479309,0.4368733763694763,0.8025205135345459
47,6,0,frame0047.jpg,0.5161201357841492,0.4601060152053833,0.5174825191497803,0.4536374807357788,0.5176466703414917,0.4536552429199219,0.5181115865707397,0.45379722118377686,0.5129957795143127,0.4519686698913574,0.5096204280853271,0.4507995843887329,0.5056166052818298,0.44947224855422974,0.49898362159729004,0.4506950378417969,0.48339706659317017,0.4452550411224365,0.5035942792892456,0.4656757712364197,0.4978652894496918,0.4638369679450989,0.4913492202758789,0.4870867431163788,0.400105744600296,0.4752703309059143,0.4237065315246582,0.47551822662353516,0.3353525400161743,0.49612611532211304,0.3485821783542633,0.43689465522766113,0.343316912651062,0.44800907373428345,0.32747477293014526,0.4256010949611664,0.3358370065689087,0.43705785274505615,0.32900145649909973,0.4240362048149109,0.3328695595264435,0.4324955940246582,0.33485811948776245,0.4281347990036011,0.3382735252380371,0.4383007287979126,0.4011911153793335,0.5992633700370789,0.3488864302635193,0.5977078080177307,0.4635022282600403,0.6707192659378052,0.4159610867500305,0.6828422546386719,0.38910385966300964,0.7206377983093262,0.36452144384384155,0.7794522047042847,0.36811697483062744,0.7384326457977295,0.3414967358112335,0.8006793260574341,0.4488670527935028,0.7477640509605408,0.4370707869529724,0.8024624586105347
48,6,0,frame0048.jpg,0.514473557472229,0.46139317750930786,0.5160008072853088,0.4547218084335327,0.5162035226821899,0.4547085165977478,0.516754150390625,0.4548473358154297,0.5114938020706177,0.4530300199985504,0.5080168843269348,0.45179611444473267,0.5040379166603088,0.4504268765449524,0.4983859658241272,0.45201945304870605,0.48228031396865845,0.4463593065738678,0.5019220113754272,0.4669538140296936,0.4959426522254944,0.4652898907661438,0.4896588921546936,0.48800885677337646,0.40036872029304504,0.4768372178077698,0.4231106638908386,0.4799894094467163,0.34239456057548523,0.4847608208656311,0.348408043384552,0.44229498505592346,0.35134607553482056,0.45169612765312195,0.32937806844711304,0.4327270984649658,0.345603346824646,0.44337964057922363,0.3316414952278137,0.4308750629425049,0.3433161973953247,0.4402187466621399,0.3362613320350647,0.43415963649749756,0.34729355573654175,0.4441375732421875,0.4008864164352417,0.5990599393844604,0.3506656587123871,0.5980824828147888,0.4636828303337097,0.6678061485290527,0.41954517364501953,0.6822061538696289,0.3929312229156494,0.7250950336456299,0.36495885252952576,0.7793947458267212,0.3703574240207672,0.7388271689414978,0.3404290974140167,0.8006815314292908,0.4498208165168762,0.7469435930252075,0.4371829926967621,0.802384614944458
49,6,0,frame0049.jpg,0.5130414962768555,0.46275967359542847,0.514787495136261,0.4556085169315338,0.5149217844009399,0.4554765820503235,0.5154299736022949,0.45551174879074097,0.5105452537536621,0.45407983660697937,0.5071356296539307,0.45283570885658264,0.5032540559768677,0.4514487385749817,0.4973945617675781,0.4527324438095093,0.4815310835838318,0.4475659132003784,0.5006234645843506,0.46831056475639343,0.4948182702064514,0.46684229373931885,0.48444366455078125,0.488240510225296,0.40432411432266235,0.4801987409591675,0.4238860011100769,0.4934619069099426,0.35169392824172974,0.49936580657958984,0.35465940833091736,0.45012494921684265,0.3548828959465027,0.45817482471466064,0.3363613188266754,0.4403349757194519,0.3484206795692444,0.4502851665019989,0.3377663195133209,0.43828314542770386,0.3464807868003845,0.4472719728946686,0.34220147132873535,0.44221168756484985,0.35016584396362305,0.4509153366088867,0.3996928036212921,0.5986567735671997,0.3534272611141205,0.5992965698242188,0.4636610746383667,0.6637039184570312,0.42274242639541626,0.6812998652458191,0.39567840099334717,0.7270064353942871,0.3654623329639435,0.7793629765510559,0.37347298860549927,0.7399305701255798,0.3397579491138458,0.8005269765853882,0.4510732591152191,0.7461515665054321,0.4372260570526123,0.8023636341094971
50,6,0,frame0050.jpg,0.5120213627815247,0.4639465808868408,0.5135194063186646,0.45640555024147034,0.5134737491607666,0.45611149072647095,0.5138229131698608,0.45598894357681274,0.5097329020500183,0.4551776051521301,0.5065237879753113,0.4539884328842163,0.5028873682022095,0.45264875888824463,0.4962136149406433,0.45331481099128723,0.48124751448631287,0.4487885534763336,0.49957042932510376,0.4694359302520752,0.4943348169326782,0.4684082269668579,0.47881925106048584,0.4875938892364502,0.4056338369846344,0.4819828271865845,0.4381656050682068,0.4988870620727539,0.35787156224250793,0.518190860748291,0.3719802796840668,0.46488288044929504,0.36260467767715454,0.47252535820007324,0.3528784513473511,0.4553658962249756,0.35586321353912354,0.46161895990371704,0.35268181562423706,0.452138215303421,0.35384050011634827,0.45862847566604614,0.3578835129737854,0.45638522505760193,0.3571302890777588,0.4626874327659607,0.3985709547996521,0.5974681973457336,0.3562275767326355,0.6003392934799194,0.4636220932006836,0.6602988243103027,0.42483535408973694,0.6808867454528809,0.39800772070884705,0.7277767658233643,0.3661365509033203,0.7794069051742554,0.37620022892951965,0.7404933571815491,0.3394118547439575,0.8004611730575562,0.4523661434650421,0.7454694509506226,0.43725186586380005,0.8023765683174133
51,6,0,frame0051.jpg,0.5116378664970398,0.46608132123947144,0.5126187801361084,0.4582122564315796,0.5122466683387756,0.45777836441993713,0.5122272372245789,0.45744696259498596,0.5093052983283997,0.45714688301086426,0.506256639957428,0.45597749948501587,0.5027705430984497,0.45463132858276367,0.494728684425354,0.4541972875595093,0.4811595380306244,0.45059987902641296,0.4991849362850189,0.47147172689437866,0.49428194761276245,0.47051408886909485,0.4801880121231079,0.4875916838645935,0.4002160429954529,0.4819846451282501,0.45251309871673584,0.5019111037254333,0.36457985639572144,0.5214614868164062,0.38635849952697754,0.48231643438339233,0.37600013613700867,0.4862746000289917,0.3694785237312317,0.4754527807235718,0.3721812963485718,0.47446176409721375,0.36874717473983765,0.47155749797821045,0.3706238865852356,0.4711151719093323,0.3733741044998169,0.4748542010784149,0.3722114562988281,0.47533082962036133,0.3984180688858032,0.5966387391090393,0.3572438061237335,0.6005408763885498,0.4623382091522217,0.6588249206542969,0.42604637145996094,0.6804466247558594,0.15920309722423553,0.29111072421073914,0.3669729232788086,0.7794375419616699,0.37688368558883667,0.7408890724182129,0.33932173252105713,0.8002822399139404,0.4536016583442688,0.7451715469360352,0.43725883960723877,0.8024500608444214
52,6,0,frame0052.jpg,0.5115379691123962,0.4681652784347534,0.5121406316757202,0.460268497467041,0.5114890336990356,0.4596877098083496,0.5111480355262756,0.4591562747955322,0.5090550780296326,0.459486722946167,0.5060964226722717,0.45842087268829346,0.5027198195457458,0.4572332501411438,0.4931657314300537,0.45498284697532654,0.4811002314090729,0.4525470733642578,0.4986128509044647,0.4741250276565552,0.4942722022533417,0.4733537435531616,0.4809698462486267,0.48696184158325195,0.39385247230529785,0.4833758473396301,0.4627054035663605,0.507691502571106,0.40772002935409546,0.5246680378913879,0.40041691064834595,0.49649763107299805,0.4381278157234192,0.49780017137527466,0.3880612850189209,0.48975270986557007,0.445608913898468,0.4911979138851166,0.38752657175064087,0.48559826612472534,0.43941909074783325,0.486544668674469,0.39118221402168274,0.48859965801239014,0.4353906512260437,0.489288330078125,0.3991277813911438,0.5961723923683167,0.3586852252483368,0.600703239440918,0.1849352866411209,0.2635299861431122,0.42672741413116455,0.6802859306335449,0.0636812373995781,0.11644428968429565,0.36782294511795044,0.779361367225647,0.37712347507476807,0.7410659790039062,0.3393208682537079,0.7999162673950195,0.4544604420661926,0.7450180649757385,0.4374723732471466,0.8028230667114258
53,6,1,frame0053.jpg,0.5101587772369385,0.4710000455379486,0.5115013718605042,0.46342164278030396,0.5108140707015991,0.46277374029159546,0.5104150772094727,0.46218687295913696,0.508536696434021,0.4627206325531006,0.5057457089424133,0.4616812467575073,0.5026075839996338,0.46060508489608765,0.4924876093864441,0.45668667554855347,0.48114776611328125,0.4551142752170563,0.49740856885910034,0.4765561819076538,0.49354088306427,0.47608405351638794,0.4827585220336914,0.4870230555534363,0.39051729440689087,0.48834946751594543,0.48636552691459656,0.5267034769058228,0.4393885135650635,0.5401808023452759,0.4234406650066376,0.5117794275283813,0.4574350416660309,0.5133032202720642,0.40896183252334595,0.5040059685707092,0.46423768997192383,0.5074386596679688,0.40670692920684814,0.4980562925338745,0.4547088146209717,0.5003865361213684,0.4116867780685425,0.5018892884254456,0.45122379064559937,0.5028636455535889,0.39987441897392273,0.594784677028656,0.35915273427963257,0.6006603240966797,0.0739741176366806,0.10541199892759323,0.427936315536499,0.6799455881118774,0.025472495704889297,0.04657771810889244,0.3692621886730194,0.7792661786079407,0.37760624289512634,0.7411240935325623,0.33983349800109863,0.7994884252548218,0.4560650587081909,0.7448983192443848,0.43787112832069397,0.8034114837646484
54,0,0,frame0054.jpg,0.508502721786499,0.4724830389022827,0.5104802846908569,0.46513357758522034,0.5097583532333374,0.4642701745033264,0.509274423122406,0.4634750485420227,0.5078330039978027,0.46486204862594604,0.5052098631858826,0.4639238119125366,0.5023015737533569,0.46296632289886475,0.4916020333766937,0.45741528272628784,0.4812406897544861,0.45714110136032104,0.49613064527511597,0.4773261845111847,0.49280422925949097,0.47710853815078735,0.4801969528198242,0.4843018352985382,0.3946859836578369,0.4928452968597412,0.4985032081604004,0.5241712927818298,0.43345907330513,0.5465070009231567,0.47243356704711914,0.5335947275161743,0.4750579595565796,0.5401948094367981,0.4703206419944763,0.5358304381370544,0.4852823317050934,0.5401661396026611,0.46654075384140015,0.5324053764343262,0.48151904344558716,0.5343827605247498,0.466921865940094,0.5327745676040649,0.4778437614440918,0.5346537828445435,0.3999496400356293,0.5916119813919067,0.36131545901298523,0.5999112725257874,0.02958964742720127,0.04216479882597923,0.4277215600013733,0.6790339350700378,0.010188998654484749,0.018631087616086006,0.37114158272743225,0.7788277864456177,0.15104250609874725,0.2964496314525604,0.34183597564697266,0.7977171540260315,0.4571872353553772,0.744612455368042,0.43834012746810913,0.8036732077598572
55,0,0,frame0055.jpg,0.5062980651855469,0.472888708114624,0.5092889070510864,0.4656888246536255,0.5085703134536743,0.46466243267059326,0.5080858469009399,0.4637220501899719,0.5068005323410034,0.4657074809074402,0.5042235851287842,0.46479833126068115,0.5015104413032532,0.4638811945915222,0.4911033809185028,0.45766741037368774,0.4812881350517273,0.4580221176147461,0.49407264590263367,0.4772181510925293,0.49113285541534424,0.4770410656929016,0.47916287183761597,0.48149895668029785,0.3984641432762146,0.4932336211204529,0.5062925815582275,0.5232357978820801,0.42661911249160767,0.5491430759429932,0.5138925909996033,0.5544196963310242,0.4970930218696594,0.5610663890838623,0.5168983340263367,0.5639874339103699,0.5109135508537292,0.5683650374412537,0.5130107402801514,0.5621747374534607,0.5127660036087036,0.5645691156387329,0.5102519989013672,0.5600535869598389,0.5076963901519775,0.5625593662261963,0.3991268277168274,0.5864224433898926,0.3636748790740967,0.5947117805480957,0.011835859157145023,0.016865920275449753,0.4271392822265625,0.6764165163040161,0.004075599368661642,0.007452435325831175,0.3737773299217224,0.7774872779846191,0.06041700392961502,0.11857985705137253,0.3451746106147766,0.7945066690444946,0.45786839723587036,0.744300127029419,0.4386062026023865,0.8040996789932251
56,0,0,frame0056.jpg,0.505436360836029,0.47292694449424744,0.5089184045791626,0.4657975435256958,0.508219838142395,0.4646764397621155,0.5077656507492065,0.4636492431163788,0.50644451379776,0.46603405475616455,0.5040956139564514,0.46519553661346436,0.5017545819282532,0.46437203884124756,0.49117136001586914,0.4576827585697174,0.483060359954834,0.4587082862854004,0.4932977259159088,0.47686833143234253,0.49060148000717163,0.4767155945301056,0.4754587411880493,0.4780423641204834,0.40904349088668823,0.49300098419189453,0.5083404183387756,0.5221140384674072,0.42486268281936646,0.5540798306465149,0.528615415096283,0.5638356804847717,0.5030200481414795,0.5723461508750916,0.535115122795105,0.5771691799163818,0.5188441872596741,0.5823163390159607,0.5328412652015686,0.5766565799713135,0.5245423316955566,0.578826904296875,0.5287939310073853,0.5731166005134583,0.5187932848930359,0.5756912231445312,0.3926495909690857,0.5774592161178589,0.363834023475647,0.584181010723114,0.004734343849122524,0.006746368017047644,0.4283924102783203,0.6687215566635132,0.0016302397707477212,0.002980974270030856,0.3767246603965759,0.7747615575790405,0.024166801944375038,0.04743194207549095,0.34835880994796753,0.7896878719329834,0.45804476737976074,0.7435259222984314,0.44017520546913147,0.8048014640808105
57,0,1,frame0057.jpg,0.5052751302719116,0.4732044041156769,0.5090016722679138,0.4663833975791931,0.5082610249519348,0.46524035930633545,0.5077224969863892,0.46413925290107727,0.5070470571517944,0.46670544147491455,0.5051286220550537,0.4659472107887268,0.5032833218574524,0.46521785855293274,0.491691529750824,0.45774516463279724,0.4858437776565552,0.45933347940444946,0.49307018518447876,0.4767301678657532,0.4904544949531555,0.47669804096221924,0.4646717309951782,0.47475025057792664,0.41875535249710083,0.4930689334869385,0.5055736899375916,0.5208247900009155,0.42582887411117554,0.556361734867096,0.5305312871932983,0.568100094795227,0.5120245218276978,0.5775471329689026,0.5378934741020203,0.5834354162216187,0.5259976387023926,0.58931565284729,0.5378002524375916,0.5831651091575623,0.532865047454834,0.5864193439483643,0.5343955755233765,0.579175591468811,0.5280270576477051,0.5828440189361572,0.3860759735107422,0.5750696659088135,0.3668396472930908,0.5830144882202148,0.0018937375862151384,0.0026985472068190575,0.42797064781188965,0.667162299156189,0.000652095943223685,0.0011923897545784712,0.37961459159851074,0.7707034349441528,0.00966672133654356,0.01897277683019638,0.35255247354507446,0.7851282358169556,0.4565490484237671,0.7433207035064697,0.4401059150695801,0.8050330281257629
58,2,0,frame0058.jpg,0.5053485035896301,0.4733124375343323,0.5094397068023682,0.466877281665802,0.5086690187454224,0.4657052159309387,0.5080384016036987,0.46451127529144287,0.5082744359970093,0.46730589866638184,0.5069495439529419,0.4666398763656616,0.5057827830314636,0.466026246547699,0.49293410778045654,0.45769721269607544,0.4907882809638977,0.46020668745040894,0.49304696917533875,0.47654151916503906,0.4906589090824127,0.4764605760574341,0.44938957691192627,0.4692825973033905,0.42933428287506104,0.49264514446258545,0.49173444509506226,0.5190591812133789,0.43058180809020996,0.5536292791366577,0.5196371078491211,0.5659356117248535,0.5129930973052979,0.5788378119468689,0.5272496938705444,0.581571638584137,0.5258421897888184,0.59247887134552,0.5301723480224609,0.5821685791015625,0.5329045057296753,0.5902412533760071,0.5251671075820923,0.5770753622055054,0.5277955532073975,0.5857976675033569,0.3739965558052063,0.5741097927093506,0.3758004903793335,0.5833250880241394,0.0007574950577691197,0.0010794189292937517,0.42695891857147217,0.6665195226669312,0.0002608383947517723,0.0004769559018313885,0.3831835985183716,0.7676292061805725,0.23142221570014954,0.45287078619003296,0.35649701952934265,0.7813006639480591,0.45460450649261475,0.7424883842468262,0.44008952379226685,0.8051009774208069
59,3,1,frame0059.jpg,0.5055981874465942,0.47379207611083984,0.5110452175140381,0.46741145849227905,0.510189950466156,0.46616417169570923,0.5094529986381531,0.46487465500831604,0.5108895301818848,0.4680841565132141,0.5101562142372131,0.46751177310943604,0.5096147060394287,0.4670290946960449,0.49536073207855225,0.45764094591140747,0.49723854660987854,0.46152162551879883,0.49310433864593506,0.47636306285858154,0.491438627243042,0.4763960838317871,0.4356541335582733,0.46349817514419556,0.4391527771949768,0.4917532801628113,0.4504549205303192,0.5195621848106384,0.4395018219947815,0.5505086183547974,0.5068391561508179,0.5608670711517334,0.5108998417854309,0.5795091390609741,0.5117776393890381,0.5773783326148987,0.5228567719459534,0.5933017730712891,0.5148414969444275,0.574965238571167,0.5292333960533142,0.5908774137496948,0.5094029903411865,0.5698609352111816,0.5242629051208496,0.58648681640625,0.3635959327220917,0.5730994343757629,0.38400667905807495,0.583005428314209,0.000302998028928414,0.0004317675775382668,0.4247790575027466,0.6655993461608887,0.00010433536226628348,0.0001907823607325554,0.3876108229160309,0.7647146582603455,0.3200559616088867,0.6264046430587769,0.36104774475097656,0.777672290802002,0.4516245126724243,0.7419000864028931,0.440716028213501,0.8044228553771973
60,4,1,frame0060.jpg,0.5067250728607178,0.4747776985168457,0.5130758285522461,0.46839606761932373,0.5121504664421082,0.46700775623321533,0.5112812519073486,0.4655531346797943,0.5135311484336853,0.46934378147125244,0.513150155544281,0.4688655436038971,0.5129548907279968,0.4685203433036804,0.4973251223564148,0.45780062675476074,0.501781165599823,0.4634794592857361,0.4938288927078247,0.47648942470550537,0.4934348464012146,0.47681111097335815,0.42503622174263,0.45894724130630493,0.447908878326416,0.4926649332046509,0.18018196523189545,0.20782487094402313,0.4584500193595886,0.5527361035346985,0.4575984477996826,0.5543252825737,0.511970043182373,0.5834668278694153,0.20471106469631195,0.23095133900642395,0.5199519991874695,0.5935729146003723,0.20593659579753876,0.22998610138893127,0.5230897068977356,0.5904702544212341,0.20376120507717133,0.22794437408447266,0.5193963050842285,0.5874249935150146,0.3526177406311035,0.5728707313537598,0.3904038667678833,0.5829707980155945,0.00012119921302655712,0.00017270703392568976,0.4238409996032715,0.6646445989608765,0.23623226583003998,0.43695569038391113,0.3923828601837158,0.7618399262428284,0.35530799627304077,0.695763349533081,0.36552631855010986,0.7736893892288208,0.4449036121368408,0.7412281036376953,0.44158339500427246,0.8025330305099487
61,4,1,frame0061.jpg,0.5082515478134155,0.47672003507614136,0.5150516033172607,0.4702598452568054,0.5140956044197083,0.46874624490737915,0.5131540298461914,0.46711844205856323,0.5159639716148376,0.47144830226898193,0.5158973932266235,0.47107788920402527,0.5160015821456909,0.470858633518219,0.499912291765213,0.4583832323551178,0.5063269138336182,0.4663015305995941,0.49522173404693604,0.4774463176727295,0.49593812227249146,0.47825729846954346,0.41983312368392944,0.45535916090011597,0.4579963684082031,0.49480459094047546,0.07207278907299042,0.08312994986772537,0.47382500767707825,0.5534582138061523,0.18303938210010529,0.22173011302947998,0.5053800344467163,0.5779271721839905,0.08188442885875702,0.09238053858280182,0.5134528875350952,0.5862564444541931,0.08237463980913162,0.09199444204568863,0.5198180079460144,0.5823577046394348,0.08150448650121689,0.09117775410413742,0.5144776701927185,0.5798453092575073,0.34664589166641235,0.573685884475708,0.39542853832244873,0.5833536982536316,4.847968739341013e-05,6.908281648065895e-05,0.4233958125114441,0.6635440587997437,0.3300188183784485,0.6116704344749451,0.39887869358062744,0.7601058483123779,0.36939385533332825,0.7238782644271851,0.3711150884628296,0.7710820436477661,0.4381106495857239,0.741649866104126,0.4425295889377594,0.801770806312561
62,7,0,frame0062.jpg,0.5113914608955383,0.47874078154563904,0.5182626843452454,0.47218385338783264,0.5171133875846863,0.47061842679977417,0.5160828828811646,0.4689253568649292,0.5193645358085632,0.4735257625579834,0.5191216468811035,0.47322165966033936,0.518998384475708,0.4730941653251648,0.5044633150100708,0.45944714546203613,0.5097315907478333,0.4689573049545288,0.4984166622161865,0.4794769883155823,0.4993809163570404,0.48051121830940247,0.41768842935562134,0.4519882798194885,0.4657130837440491,0.4974514842033386,0.028829116374254227,0.03325198218226433,0.47709935903549194,0.5528665781021118,0.07321575284004211,0.08869204670190811,0.49693384766578674,0.5550991892814636,0.03275377303361893,0.03695221617817879,0.49636712670326233,0.5592468976974487,0.03294985741376877,0.03679777681827545,0.4970546364784241,0.554587721824646,0.032601796090602875,0.03647110238671303,0.493977427482605,0.5531150698661804,0.34248876571655273,0.5745251178741455,0.39833635091781616,0.5838122367858887,1.9391874957364053e-05,2.763312659226358e-05,0.422462522983551,0.6630219221115112,0.36737579107284546,0.682677149772644,0.40515798330307007,0.7590057849884033,0.3750370740890503,0.7355448007583618,0.37768787145614624,0.7695096135139465,0.4324740767478943,0.744423508644104,0.4445785880088806,0.8015191555023193
63,7,0,frame0063.jpg,0.5132544040679932,0.48019522428512573,0.5200906991958618,0.4735807776451111,0.5189316868782043,0.47206974029541016,0.5179581046104431,0.4704609513282776,0.5210902094841003,0.47491180896759033,0.5207203030586243,0.4746328592300415,0.5204740166664124,0.47453629970550537,0.5075255632400513,0.4608526825904846,0.511812150478363,0.47046494483947754,0.5003216862678528,0.4810117483139038,0.5013132691383362,0.4822666049003601,0.41550442576408386,0.44882574677467346,0.4724400043487549,0.4994848668575287,0.011531646363437176,0.013300793245434761,0.47460246086120605,0.5478062033653259,0.029286300763487816,0.035476818680763245,0.4817649722099304,0.5333030223846436,0.013101509772241116,0.014780886471271515,0.4788954257965088,0.5337511897087097,0.013179942965507507,0.014719110913574696,0.4740654230117798,0.5292177796363831,0.013040718622505665,0.014588440768420696,0.47432219982147217,0.5291029810905457,0.3419203460216522,0.5751257538795471,0.40286141633987427,0.5841184258460999,0.22753658890724182,0.388913094997406,0.4225021302700043,0.6610662937164307,0.38172686100006104,0.7111189961433411,0.41097205877304077,0.7578411102294922,0.37725287675857544,0.7402727007865906,0.3843795657157898,0.7678554654121399,0.42800602316856384,0.7461965680122375,0.44624075293540955,0.8010730743408203
64,7,0,frame0064.jpg,0.5144171714782715,0.48156672716140747,0.5213644504547119,0.475084125995636,0.5201341509819031,0.47347334027290344,0.5191173553466797,0.4717816710472107,0.5225832462310791,0.4766252636909485,0.5223020315170288,0.47639787197113037,0.5221092700958252,0.476315975189209,0.509955883026123,0.46223708987236023,0.5142393708229065,0.472293496131897,0.501205325126648,0.4818766713142395,0.5025225877761841,0.48356330394744873,0.41395363211631775,0.4475449323654175,0.47437286376953125,0.5009829998016357,0.004612658638507128,0.005320317577570677,0.4690777659416199,0.5541712641716003,0.011714520864188671,0.014190727844834328,0.4513227045536041,0.5594696998596191,0.005240603815764189,0.005912354681640863,0.44369804859161377,0.5628318190574646,0.00527197727933526,0.005887644365429878,0.4397992491722107,0.5587372183799744,0.005216287449002266,0.005835376214236021,0.44226232171058655,0.5556156635284424,0.34230196475982666,0.5766353011131287,0.4053831100463867,0.5855580568313599,0.31851285696029663,0.5441312193870544,0.42252200841903687,0.6591607332229614,0.38723862171173096,0.7224910855293274,0.41583406925201416,0.7557227611541748,0.37811434268951416,0.7422014474868774,0.39096540212631226,0.7653188705444336,0.4225912094116211,0.7468167543411255,0.44692540168762207,0.8002008199691772
65,7,0,frame0065.jpg,0.5168129205703735,0.48213422298431396,0.5242438912391663,0.4757009744644165,0.5229681134223938,0.47406452894210815,0.5217986106872559,0.4723379611968994,0.5255442261695862,0.47735831141471863,0.5252578258514404,0.47719812393188477,0.5250107049942017,0.4771551191806793,0.5127649307250977,0.4631624221801758,0.5175343751907349,0.4734528064727783,0.5028319954872131,0.48222213983535767,0.5046770572662354,0.484257310628891,0.41219013929367065,0.4480511546134949,0.47953975200653076,0.5022024512290955,0.0018450635252520442,0.0021281270310282707,0.46149277687072754,0.5551308989524841,0.004685808438807726,0.0056762914173305035,0.4210110604763031,0.5698155164718628,0.0020962415728718042,0.0023649418726563454,0.41046011447906494,0.5743194818496704,0.002108790911734104,0.0023550577461719513,0.40649813413619995,0.5707700252532959,0.002086515072733164,0.0023341504856944084,0.17690493166446686,0.22224627435207367,0.343194842338562,0.5797533988952637,0.4086568057537079,0.5872675180435181,0.3553977310657501,0.606414258480072,0.42325031757354736,0.6587228775024414,0.38938164710998535,0.7259991765022278,0.4201398491859436,0.7530074119567871,0.3789879083633423,0.742496907711029,0.39618927240371704,0.7616285085678101,0.41782259941101074,0.7463619709014893,0.4472723603248596,0.7996741533279419
66,7,0,frame0066.jpg,0.5210995078086853,0.48242923617362976,0.5281738638877869,0.47591865062713623,0.5267074108123779,0.474237859249115,0.5252291560173035,0.47244033217430115,0.529626727104187,0.47774121165275574,0.5292718410491943,0.47767147421836853,0.528884768486023,0.4777076840400696,0.516294538974762,0.46363499760627747,0.5205716490745544,0.47453877329826355,0.5070462226867676,0.4824410676956177,0.509174108505249,0.4848979115486145,0.41142988204956055,0.44812288880348206,0.4823247194290161,0.5030018091201782,0.0007380254101008177,0.0008512508356943727,0.453633189201355,0.5552958250045776,0.001874323352240026,0.0022705167066305876,0.16840443015098572,0.22792620956897736,0.0008384966640733182,0.0009459767607040703,0.16418404877185822,0.22972778975963593,0.0008435163763351738,0.0009420231217518449,0.16259925067424774,0.22830800712108612,0.0008346060640178621,0.0009336601942777634,0.07076197117567062,0.08889850974082947,0.3444337844848633,0.5810158252716064,0.4102579355239868,0.5883285999298096,0.37045639753341675,0.6314727067947388,0.42473751306533813,0.657543957233429,0.3901156485080719,0.7259565591812134,0.42550402879714966,0.7516750693321228,0.38017117977142334,0.7419986724853516,0.4035874605178833,0.7604789733886719,0.414310097694397,0.7428570985794067,0.4480585753917694,0.7977743744850159
67,7,0,frame0067.jpg,0.524885356426239,0.4823206067085266,0.5314801335334778,0.47567859292030334,0.5301011204719543,0.47406452894210815,0.5286189913749695,0.47241339087486267,0.5328108668327332,0.4774962365627289,0.5324723124504089,0.47746896743774414,0.5321041345596313,0.47756531834602356,0.5191217660903931,0.463700532913208,0.523471474647522,0.4746996760368347,0.5114324688911438,0.48192286491394043,0.5136702060699463,0.4850424528121948,0.41092249751091003,0.4479636549949646,0.4875182509422302,0.5026818513870239,0.00029521016404032707,0.00034050035174004734,0.4446808695793152,0.5485718250274658,0.0007497293408960104,0.000908206682652235,0.06736177206039429,0.09117048233747482,0.00033539868309162557,0.0003783907159231603,0.06567361950874329,0.09189111739397049,0.00033740655635483563,0.00037680924287997186,0.06503970175981522,0.09132320433855057,0.0003338424430694431,0.00037346407771110535,0.02830478921532631,0.03555940464138985,0.3457862138748169,0.5813664793968201,0.4122025966644287,0.5884095430374146,0.3769300580024719,0.6413590312004089,0.4271324872970581,0.6557700634002686,0.39018142223358154,0.7255979776382446,0.4318307042121887,0.7496393918991089,0.3814917802810669,0.7416446208953857,0.41192352771759033,0.7586005926132202,0.4100249409675598,0.7395131587982178,0.44856417179107666,0.7956749200820923
68,7,0,frame0068.jpg,0.5276998281478882,0.4812914729118347,0.5341297388076782,0.47510385513305664,0.5328261852264404,0.473202645778656,0.5313054323196411,0.4712486267089844,0.5354539752006531,0.4772609770298004,0.5352481603622437,0.4771297574043274,0.5350407361984253,0.47716814279556274,0.5207657814025879,0.46252548694610596,0.526580810546875,0.4743070602416992,0.5147468447685242,0.4793544411659241,0.5173370838165283,0.4835333824157715,0.41157156229019165,0.4484763741493225,0.4939795732498169,0.5013778805732727,0.0001180840699817054,0.00013620014942716807,0.4414965510368347,0.5337768197059631,0.00029989174799993634,0.0003632826847024262,0.026944709941744804,0.03646819293498993,0.00013415947614703327,0.00015135628927964717,0.026269448921084404,0.036756448447704315,0.0001349626254523173,0.00015072370297275484,0.026015881448984146,0.036529283970594406,0.0001335369743173942,0.00014938563981559128,0.011321916244924068,0.014223761856555939,0.346708744764328,0.5798869132995605,0.41468334197998047,0.5863844752311707,0.3793300688266754,0.6449964046478271,0.4302656054496765,0.6549960374832153,0.3900826871395111,0.7253743410110474,0.43625837564468384,0.7486153841018677,0.3826178312301636,0.7413613796234131,0.418753057718277,0.7576506733894348,0.40903693437576294,0.7376227974891663,0.44994664192199707,0.7949053049087524
69,7,0,frame0069.jpg,0.5311362743377686,0.4795719385147095,0.5371835231781006,0.4737561047077179,0.5358879566192627,0.47169286012649536,0.5343157052993774,0.4695805311203003,0.5385597944259644,0.476188063621521,0.5384501814842224,0.4761413335800171,0.5383332371711731,0.47627949714660645,0.522742509841919,0.4609811305999756,0.5296339988708496,0.47358107566833496,0.5185381770133972,0.4771624803543091,0.521577000617981,0.48139119148254395,0.4111771583557129,0.44892561435699463,0.4982648491859436,0.4983172118663788,4.723362872027792e-05,5.448006049846299e-05,0.44432294368743896,0.512173593044281,0.00011995669774478301,0.00014531308261211962,0.010777884162962437,0.014587277546525002,5.3663792641600594e-05,6.054251571185887e-05,0.010507780127227306,0.01470257993787527,5.398505163611844e-05,6.028948337188922e-05,0.010406352579593658,0.014611713588237762,5.34147911821492e-05,5.975425665383227e-05,0.004528766497969627,0.005689505022019148,0.34744584560394287,0.5788502097129822,0.4174972176551819,0.584801971912384,0.37938356399536133,0.6464614272117615,0.43314510583877563,0.6549378037452698,0.3892947733402252,0.7253525257110596,0.4398176968097687,0.7479241490364075,0.38298362493515015,0.7412505149841309,0.4236941337585449,0.7564071416854858,0.40874654054641724,0.735859751701355,0.451668381690979,0.7932881116867065
70,7,0,frame0070.jpg,0.5378598570823669,0.47779202461242676,0.5428243279457092,0.4719569981098175,0.541538655757904,0.46994948387145996,0.5400173664093018,0.46791523694992065,0.5442133545875549,0.4742361009120941,0.5440137386322021,0.4741777181625366,0.5437694191932678,0.4743049740791321,0.5272525548934937,0.4598478674888611,0.5342109799385071,0.4717569351196289,0.5259881019592285,0.47590774297714233,0.5288442373275757,0.47948455810546875,0.4113476872444153,0.4491673707962036,0.5029750466346741,0.4943767786026001,1.889345185190905e-05,2.1792024199385196e-05,0.4454941153526306,0.49190813302993774,4.798268128070049e-05,5.812523522763513e-05,0.004311153665184975,0.005834911018610001,2.1465517420438118e-05,2.4217006284743547e-05,0.004203112330287695,0.005881031975150108,2.159402174584102e-05,2.411579407635145e-05,0.004162541124969721,0.005844685714691877,2.136591683665756e-05,2.390170266153291e-05,0.0018115065759047866,0.0022758019622415304,0.3479751944541931,0.5773941278457642,0.41886162757873535,0.5832552313804626,0.3786822557449341,0.6471163630485535,0.4355763792991638,0.6552380323410034,0.38872137665748596,0.7253844738006592,0.44266074895858765,0.7477105855941772,0.3831113874912262,0.7412114143371582,0.4275932312011719,0.7562929391860962,0.40983104705810547,0.7354879975318909,0.45417219400405884,0.7915124893188477
71,7,1,frame0071.jpg,0.5397523641586304,0.4747544229030609,0.5443189144134521,0.46867895126342773,0.5428146123886108,0.4667425751686096,0.5411096215248108,0.46481117606163025,0.546142041683197,0.470933198928833,0.5461294651031494,0.4709281325340271,0.546085000038147,0.4710886478424072,0.5279736518859863,0.4581276774406433,0.5367766618728638,0.46905720233917236,0.5276662111282349,0.47338932752609253,0.5309261083602905,0.4767523407936096,0.4116232395172119,0.4496075510978699,0.504875659942627,0.4906994104385376,7.5573807407636195e-06,8.716810043551959e-06,0.44768384099006653,0.4762197732925415,1.9193072148482315e-05,2.3250095182447694e-05,0.0017244614427909255,0.002333964454010129,8.586207513872068e-06,9.686802513897419e-06,0.001681244932115078,0.0023524127900600433,8.637608516437467e-06,9.6463181762374e-06,0.0016650165198370814,0.0023378743790090084,8.546367098460905e-06,9.560681064613163e-06,0.0007246026652865112,0.0009103207848966122,0.3483573794364929,0.5769339203834534,0.42005908489227295,0.5828644037246704,0.37775227427482605,0.6474278569221497,0.4365202784538269,0.6554388999938965,0.3885256052017212,0.7254338264465332,0.4461222290992737,0.749183714389801,0.3830950856208801,0.7412205934524536,0.43323367834091187,0.7582741975784302,0.41049572825431824,0.7353792786598206,0.456940233707428,0.7908629179000854
72,7,0,frame0072.jpg,0.5393884778022766,0.4706290066242218,0.5438598394393921,0.4645693898200989,0.5422753691673279,0.46275627613067627,0.5405464768409729,0.4609958231449127,0.5460957288742065,0.4668799042701721,0.5463622808456421,0.46699202060699463,0.5466655492782593,0.46722859144210815,0.5274854898452759,0.45550858974456787,0.5381283760070801,0.46568942070007324,0.5271227359771729,0.4699174165725708,0.5307966470718384,0.473127543926239,0.4121132493019104,0.4499550461769104,0.5064698457717896,0.4876767098903656,3.022952341780183e-06,3.486724153844989e-06,0.4485830068588257,0.4679347276687622,7.677229405089747e-06,9.300038072979078e-06,0.0006897845887579024,0.000933585804887116,3.4344830055488274e-06,3.874721187457908e-06,0.000672497961204499,0.0009409651393070817,3.455043497524457e-06,3.85852717954549e-06,0.0006660066428594291,0.0009351497865281999,3.418546839384362e-06,3.824272425845265e-06,0.0002898410602938384,0.00036412832560017705,0.35028520226478577,0.5767168998718262,0.42261141538619995,0.5825700163841248,0.37740156054496765,0.6475679278373718,0.4364642798900604,0.6557267904281616,0.38842472434043884,0.7255569696426392,0.4484177231788635,0.7505233883857727,0.3830675482749939,0.7412490844726562,0.43671244382858276,0.7600415945053101,0.4113747477531433,0.7355213165283203,0.4591101408004761,0.7915743589401245
73,8,0,frame0073.jpg,0.5384902954101562,0.4611660838127136,0.5428058505058289,0.4547377824783325,0.5402569770812988,0.45315951108932495,0.5375436544418335,0.4516434669494629,0.5451961755752563,0.4578382670879364,0.5457468628883362,0.45854875445365906,0.5465542078018188,0.4593275487422943,0.524291455745697,0.4492490887641907,0.5398833155632019,0.459861159324646,0.5260127782821655,0.4619898498058319,0.5299681425094604,0.465493381023407,0.4123570919036865,0.4510161280632019,0.5103567242622375,0.48405203223228455,0.21850363910198212,0.26922187209129333,0.4504820704460144,0.45592278242111206,3.070891807510634e-06,3.720015229191631e-06,0.00027591382968239486,0.00037343433359637856,1.3737932249568985e-06,1.5498884522457956e-06,0.0002689991961233318,0.00037638607318513095,1.382017444484518e-06,1.5434109172929311e-06,0.00026640266878530383,0.00037405992043204606,1.3674188039658475e-06,1.5297090385502088e-06,0.00011593642557272688,0.00014565132732968777,0.35339227318763733,0.5758634209632874,0.42608094215393066,0.5815554857254028,0.3773135542869568,0.6476348638534546,0.4364089369773865,0.6558817625045776,0.38829025626182556,0.7256466150283813,0.4493597447872162,0.7511513233184814,0.383003294467926,0.7412601113319397,0.43761348724365234,0.7608081698417664,0.4116508364677429,0.7355875968933105,0.46054115891456604,0.7923558950424194
74,8,1,frame0074.jpg,0.5368108749389648,0.4531291127204895,0.5393729209899902,0.4468268156051636,0.5359393358230591,0.4454925060272217,0.5323165655136108,0.44415760040283203,0.5443195700645447,0.44986504316329956,0.5451435446739197,0.4507485628128052,0.5457535982131958,0.45173344016075134,0.5193597078323364,0.44392555952072144,0.5401895642280579,0.4544205665588379,0.5246536731719971,0.4550490379333496,0.5290153622627258,0.45850926637649536,0.4126080274581909,0.4523544907569885,0.5125350952148438,0.4803544878959656,0.30072641372680664,0.3736301362514496,0.4513281285762787,0.4482617676258087,1.2283567230042536e-06,1.4880060916766524e-06,0.00011036553041776642,0.00014937373634893447,5.495173240888107e-07,6.199554150043696e-07,0.00010759967699414119,0.00015055443509481847,5.528069664251234e-07,6.173643782858562e-07,0.00010656107042450458,0.00014962397108320147,5.469675556923903e-07,6.118836495261348e-07,4.637457095668651e-05,5.826053165947087e-05,0.3556329011917114,0.5756032466888428,0.4284173250198364,0.580943763256073,0.37697094678878784,0.6477375626564026,0.43563222885131836,0.6559580564498901,0.38824892044067383,0.7256333827972412,0.4498695135116577,0.7514660358428955,0.38413286209106445,0.7409387826919556,0.43818771839141846,0.7609320878982544,0.4105874001979828,0.7356910109519958,0.4610782265663147,0.793766975402832
